product,price,seller,city,quantity,rating
Kylafood Paket (3 Seblak Original 2 Batagor Kuah) ,105705.0,Sajodo Snack & Food,Tasikmalaya,3000,4.9
Kylafood Seblak Rempah Authentik,10320.0,Foodstocks,Jakarta Selatan,1000,4.9
 Kylafood Seblak Karuhun,12825.0,Central Seblak Nusantara,Tangerang Selatan,4000,4.8
Seblak Instan Sajodo Snack,22500.0,Sajodo Snack & Food,Tasikmalaya,100,4.7
Seblak Rafael/Seblak Coet Instan Halal,26600.0,Anggris Store,Kab. Bogor,100,5.0
Seblak Instan Ceu Nthien Khas Bandung Rasana Ngeunah Pisan - Seblak Instan,17000.0,The Dhecip,Tangerang Selatan,2000,4.9
3 Seblak Free Baso Aci,90000.0,Riki Store 97,Kab. Bogor,80,4.9
Kerupuk Seblak / Seblak / Kering Pedas /,10900.0,Hikmah Berkah Jaya,Jakarta Barat,80,4.8
Seblak Instan Pedas Home Made,3500.0,Pusat Cuankie & Cemilan Frozen,Jakarta Timur,3000,4.9
Seblak Pedas Kerupuk Pedas Kiloan 1 Kg,34000.0,Brother Meat Shop,Depok,100,4.7
Seblak Instant Sajodo Snak,19000.0,Kylafood Jakarta,Jakarta Selatan,1000,4.8
Seblak Instant Termurah,4450.0,Rav Jaya Display,Kab. Tangerang,10000,4.8
"Seblak Rafael, Seblak Coet Instan Halal",25000.0,Bocikakang,Jakarta Selatan,500,5.0
Kylafood Seblak Cup,14000.0,Kylafood Jakarta,Jakarta Selatan,250,5.0
Seblak Instan Mommy,13900.0,Bocikakang,Jakarta Selatan,1000,4.8
"Kerupuk Bawang Aneka Warna Krupuk Seblak Mentah Warna Warni - Taro, 500 Gram",14500.0,Markas Makaroni,Kab. Bekasi,250,4.8
Kylafood Seblak Rempah Autentik,14000.0,Ivy'S-Kitchen,Kab. Tangerang,250,5.0
Kerupuk Seblak Mentah 1Kg Warna Warni - Taro,26500.0,Pelangi Girls Naget,Jakarta Timur,250,5.0
Krupuk Seblak Mawar Rafael Pedas 500Gr,23500.0,Gk_Snack,Kab. Bandung,100,4.9
Promo !!!! Seblak Instan Beli 20 Free 1 Murah Enak,4280.0,Markas Makaroni,Kab. Bekasi,750,4.7
Seblak Frozen,11000.0,Toko Bemo,Jakarta Timur,2000,4.9
Kerupuk Mentah Serba 5000 Bahan Seblak,6000.0,Kylafood Jakarta,Jakarta Selatan,750,4.9
Krupuk Seblak Hah Pedas Gurih 500Gr,26500.0,Baso Aci Ayang,Kab. Garut,1000,4.9
Kerupuk Seblak Pedas Krupuk Pelangi Pedas Seblak 200Gram,14250.0,Kylafood Jakarta,Jakarta Selatan,500,4.9
Kylafood Seblak Rempah Autentik,14000.0,Markas Makaroni,Kab. Bekasi,250,5.0
Seblak Instan Komplit Pedas Gurih Nikmat,5999.0,Babykhai,Kab. Bekasi,3000,4.9
Kylafood Seblak Cup,14000.0,Boisfrozen,Kab. Majalengka,250,5.0
Krupuk Seblak Hah Pedas Gurih 200Gr,11500.0,Duo Bocil Snack,Depok,1000,4.9
Seblak Rafael / Seblak Coet / Seblak Cocol,7500.0,Anum Sari,Tangerang Selatan,250,4.8
Krupuk Lidah Campuran Seblak Dan Bakso Kuah,20000.0,Jajanangarut19,Jakarta Selatan,250,4.9
Kerupuk Seblak Rafael Pedas / Seblak Mawar Pedes - Duo Bocil Snack,16000.0,Arfaonlineshop,Tangerang,100,4.7
Kerupuk Seblak Kencur Pedas Gurih - Anum Sari - 250 Gram,14000.0,Foodstocks,Jakarta Selatan,250,4.7
Seblak Kering 100Gr Dua Varian Rasa,4500.0,Supersnacksshop,Kab. Bandung,100,4.9
Topping Seblak/Baso Aci Paket Mix Termurah/Cuanki/Cuankie,34999.0,Snack_It,Tangerang Selatan,100,5.0
Seblak Rafael/Seblak Coet Instan Halal,26600.0,Kenal Jaya Bandung,Bandung,1000,4.9
Kerupuk / Kerupuk Mentah / Kerupuk Seblak Mentah / Krupuk Bwg 200Gr,5750.0,Markas Makaroni,Kab. Bekasi,250,4.9
Seblak Ceker Pedas,8995.0,Arfaonlineshop,Tangerang,4000,4.9
Agen Seblak Mommy,9999.0,Kylafood,Bandung,100,4.8
Krupuk Seblak Mawar Rafael Pedas 250Gram,12500.0,Riki Store 97,Kab. Bogor,80,4.9
Paket Mix Hemat 25 Baso Aci/Boci/Seblak/Cuanki,47000.0,Lidigeli,Kab. Garut,10000,4.9
Kylafood Seblak Original,15750.0,Indomie Official Store,Tangerang Selatan,40,4.4
Kerupuk Seblak Bantet Pedas 75 Gr Enak Renyah,4500.0,Kylafood,Bandung,100,4.9
Geli Food Seblak Ceker Tanpa Tulang Super Pedas 180Gr,25000.0,Kylafood,Bandung,5000,4.8
10 Pcs - Indomie Hypeabis Rasa Seblak Hot Jeletot,31900.0,Grosir Putra Bdg,Kab. Bandung,10000,4.9
Kylafood Seblak Original,21375.0,Grosir Putra Bdg,Kab. Bandung,250,4.8
Kylafood Seblak Cup,12788.0,Kylafood,Bandung,500,4.8
Seblak / Paket Seblak Bumbu Komplit Pedas Ekonomis,3300.0,Grosir Putra Bdg,Kab. Bandung,40,4.9
Sebring Seblak Rafael Bumb Pedas Gurih Daun Jeruk 80Gr,4800.0,Samiraos_Id,Tangerang,1000,4.9
Kylafood Seblak Original Play,21375.0,Kylafood,Bandung,100,4.9
Seblak Instant Jumbo Super Pedas,6500.0,Indofood Official Store,Tangerang Selatan,11,5.0
Samiraos - Soun Seblak Geprek,18050.0,Indomie Official Store,Tangerang Selatan,750,4.9
"Kylafood Paket ( Seblak Original, Batagor, Cireng Rujak, Boci Goang)",86130.0,Indofood Official Store,Tangerang Selatan,25,5.0
4 Pcs - Indomie Hypeabis Rasa Seblak Hot Jeletot,12268.0,Kylafood,Bandung,100,4.5
Bundle 10 Pcs - Indomie Hype Abis Ayam Geprek & Seblak Hot Jeletot,32500.0,Kylafood,Bandung,2000,4.9
Indomie Hypeabis Seblak Hot Jeletot,3198.0,Kylafood,Bandung,30,5.0
Kylafood Seblak Cup Isi 2 Pcs,25576.0,Kylafood,Bandung,4000,4.8
 Kylafood Seblak Karuhun,12825.0,Siaga Lapak,Malang,30,5.0
Kylafood Paket Seblak Cup Isi 4 Pcs,51152.0,Grosir Putra Bdg,Kab. Bandung,250,4.9
Kylafood Seblak Karuhun Play,12825.0,Kylafood,Bandung,70,4.8
Kerupuk Seblak Kencur Pedas 50Gr Anaba,2881.0,Kylafood,Bandung,100,4.6
Cuanki Lidah Toping Baso Aci Seblak Isi 5 Pcs,3100.0,Djuragan Kerupuk,Surabaya,250,4.9
Kylafood Seblak Mie Baso Sapi Play,26125.0,Distributor-Jaya,Tangerang,13,4.4
Kylafood Paket 2 Seblak Cup + 3 Basreng Pedas,63940.0,Sajodo Snack & Food,Tasikmalaya,100,5.0
Termurah Kerupuk Mentah-Kerupuk Seblak-Kerupuk Puli - Warna Warni,8200.0,Foodstocks,Jakarta Selatan,100,5.0
Kerupuk Bawang Orange Dan Putih 1Kg 1Kilo Cocok Untuk Seblak Nasi Uduk - Putih,24500.0,Bocikakang,Jakarta Selatan,7,5.0
"Paket Bundling 4 ( 1 Seblak Instant, 1 Keju Aroma Sajodo)",43000.0,Global Cookware1,Jakarta Barat,100,5.0
Mie Seblak Geprek Sami Raos Khas Garut Seblak Instant Kekinian 160Gr,18900.0,Kylafood,Bandung,500,4.7
Kerupuk Seblak Pedas Daun Jeruk 100 Gr,4500.0,Nomel Shop,Surabaya,1000,4.8
"Cuanki Tahu Toping Baso Aci, Seblak, Mie Instan Enak Gurih",22500.0,Aurel Prima Snack,Jakarta Barat,1000,4.9
Kylafood Seblak Rempah Authentik,10320.0,Arfaonlineshop,Tangerang,3000,4.6
Baso Aci Homemade Boci Isi12 Bakso Aci Termurah Baso Aci Fresh Seblak,5400.0,Toko Kue Sumber Mas,Jakarta Timur,40,4.8
Kerupuk Jablay/Kerupuk Seblak Rasa Pedas Berat 250 Gram,12500.0,Eve'O'Mall,Kab. Tangerang,90,4.9
Siomay Mini Kering 250 Gram Baso Aci/Boci/Seblak/Cuanki/Cuankie,9999.0,Pedas Gilaa,Surabaya,500,4.9
Kerupuk Jablay Bantet Seblak Pelangi,15999.0,Global Cookware1,Jakarta Barat,19,5.0
Seblak Ceker Pedas ( 1 Pak Isi 20 Pcs 200G ),9300.0,Aghniya,Tangerang Selatan,100,4.9
Cuanki Lidah Topping Baso Aci Seblak Isi 50 Biji,13000.0,Rak Sebelah,Jakarta Pusat,750,4.9
"Batagor Mini Kering 100 Pcs Toping Baso Aci, Seblak Dan Mie Instan",11000.0,Madinah Oleh Oleh Bdg,Bandung,70,4.9
"Seblak Ceker 500 Gr Pedas Daun Jeruk, Gurih,Cemilan Bikin Nagih",17499.0,Kylafood Jakarta,Jakarta Selatan,100,4.9
Bundle - Basranger Seblak | Baso Aci Extra Pedas | Tulang Rangu,56300.0,Icip Icip Snack Bandung,Bandung,40,4.9
Kerupuk Seblak Beton Bantat Pedes Gurih Daun Jeruk 250Gram,19000.0,Lidigeli,Kab. Garut,90,4.9
Seblak Rempah Autentik Isi 5 Pcs,68000.0,Pedas Gilaa,Surabaya,27,4.9
Seblak Keripik Beton 500Gr Cikruh / Sebring Kerupuk Beton 500Gr Cikruh,45000.0,Arfaonlineshop,Tangerang,50,4.6
Gelifood Combo 3Pcs Seblak Ceker Tanpa Tulang Super Pedas,65000.0,Insanprimastore,Tangerang Selatan,500,5.0
Kerupuk Mentah 250Gr Seblak Mentah,5900.0,Hokishopsurabaya,Surabaya,100,4.9
Cuanki/Cuankie Lidah 50 Pcs Khas Garut Topping Baso Aci/Seblak/Boci,16999.0,Insanprimastore,Tangerang Selatan,40,4.9
Kerupuk Joged Bawang Bibir Warna Warni Mentah 500Gr Seblak,10850.0,Markas Makaroni,Kab. Bekasi,100,4.8
✔Murah Kerupuk Mentah Serba 5000 Berat 250Gr / Krupuk Seblak,5558.0,Taufik Bumbu Giling,Jakarta Selatan,40,5.0
Kerupuk Seblak Rafael Mawar Kecil Mentah 500 Gr / Seblak Viral Yongki,12500.0,Snack Jakarta 411,Jakarta Barat,500,5.0
Krupuk Seblak Hah Pedas Gurih 1Kg,53000.0,Unikidsonline,Jakarta Barat,100,4.9
Kerupuk Bubur/ Seblak / Gado- Gado/ Ketoprak 500Gr,18000.0,Aurel Prima Snack,Jakarta Barat,500,5.0
Kerupuk Seblak,8000.0,Yohangunawan94,Bandung,100,4.7
Mommy Seblak Instant,14900.0,Kerabat Official Store,Kab. Tasikmalaya,30,4.9
Kerupuk Jablay/Kerupuk Seblak Rasa Pedas,19500.0,Aurel Prima Snack,Jakarta Barat,1000,5.0
Kerupuk Merah Seblak 250Gr Bandung,4750.0,Markas Makaroni,Kab. Bekasi,100,4.9
Cuanki Lidah Kerupuk Cuanky Topping Baso Aci Seblak Isi 150 Pcs,33000.0,Arfaonlineshop,Tangerang,100,5.0
Kerupuk Seblak Kencur Berat 250 Gram,11500.0,Semesta Kerupuk,Tangerang Selatan,21,5.0
Kerupuk Seblak Mawar Bantet 1 Kg,48000.0,Global Cookware1,Jakarta Barat,80,5.0
Kerupuk Mix 250 Gram Campuran Seblak,7399.0,Baso Aci Masabi,Jakarta Selatan,70,4.9
Kerupuk Mawar Putih 1Kg / Kerupuk Ikan/Kerupuk Seblak Viral,25000.0,Grosir Putra Bdg,Kab. Bandung,100,4.9
"Cuanki Tahu Toping Baso Aci, Seblak, Mie, Enak Dan Gurih",22500.0,Global Cookware1,Jakarta Barat,2000,4.8
"Baso Aci, Bakso Aci, Cuanki, Seblak Instan, Boci",8000.0,Sajodo Snack & Food,Tasikmalaya,500,4.8
Seblak / Paket Seblak Bumbu Komplit Pedas Ekonomis,3479.0,Bocikakang,Jakarta Selatan,50,5.0
11 Bungkus Seblak Mamang Paket Reseller,55000.0,Kylafood,Bandung,100,4.9
Baso Aci Ala Sajodo Snack,22500.0,Tokopediautsmanbinaffan,Bogor,100,4.9
Kerupuk Mentah Kerupuk Seblak Mentah 500 Gr - Keong Warna,14500.0,Jajanangarut19,Jakarta Selatan,10000,4.9
Kylafood Seblak Original,15750.0,Pusat Cuankie & Cemilan Frozen,Jakarta Timur,250,4.9
Seblak Instan/Seblaku/Sambal Matah/Seblak Soto/Seblak Baso/Seblak Ori,7500.0,The Dhecip,Tangerang Selatan,10000,4.8
"Kerupuk Seblak Mentah Aneka Warna - Matahari, 500 Gram",11500.0,Brother Meat Shop,Depok,3000,4.9
Seblak Instant Termurah,4450.0,Hikmah Berkah Jaya,Jakarta Barat,500,5.0
Seblak Instan Pedas Home Made,3500.0,Cemilan Ti Lembur,Bandung,1000,4.8
"Seblak Rafael, Seblak Coet Instan Halal",25000.0,Anggris Store,Kab. Bogor,40,5.0
Seblak Instant Sajodo Snak,19000.0,Fahirastores,Kab. Bandung Barat,80,4.8
Seblak Kering Rafael Pedas Daun Jeruk / Kerupuk Seblak Mawar 250 Gram,13750.0,Aghniya,Tangerang Selatan,100,4.9
Kerupuk Seblak / Seblak / Kering Pedas /,10900.0,Global Cookware1,Jakarta Barat,500,4.8
Siomay Mini Kering 1Kg / Cuanki / Batagor / Seblak / Bakso Aci,29000.0,Brother Meat Shop,Depok,750,4.9
"Seblak Kering Pedas 250 Gr/Seblak Kencur/Kerupuk Seblak,Enak Dan Gurih",9999.0,Duo Bocil Snack,Depok,500,5.0
"Batagor Mini Kering 100 Pcs Toping Baso Aci, Seblak Dan Mie Instan",11000.0,Markas Makaroni,Kab. Bekasi,250,4.9
"Seblak Rafael, Seblak Coet Instan Halal",25000.0,Markas Makaroni,Kab. Bekasi,100,4.8
Kerupuk Seblak Rafael Pedas / Seblak Mawar Pedes - Duo Bocil Snack,16000.0,Pusat Cuankie & Cemilan Frozen,Jakarta Timur,100,4.9
Krupuk Seblak Mawar Rafael Pedas 250Gram,12500.0,The Dhecip,Tangerang Selatan,10000,4.8
Krupuk Seblak Mawar Rafael Pedas 500Gr,23500.0,Brother Meat Shop,Depok,3000,4.9
Seblak Instant Termurah,4450.0,Baso Aci Ayang,Kab. Garut,500,5.0
Seblak Instan Pedas Home Made,3500.0,Lidigeli,Kab. Garut,3000,4.9
"Seblak Rafael, Seblak Coet Instan Halal",25000.0,Riki Store 97,Kab. Bogor,500,4.8
Seblak Instan Komplit Pedas Gurih Nikmat,5999.0,Duo Bocil Snack,Depok,100,4.7
Gelifood Seblak Instan Kerupuk Mawar Bumbu Kencur Rafael Pedas Gurih,19000.0,Ajs(Ale Jaya Snack),Jakarta Utara,250,4.9
Seblak Pedas Kerupuk Pedas Kiloan 1 Kg,34000.0,The Dhecip,Tangerang Selatan,40,4.9
Kerupuk Seblak Rafael Pedas / Seblak Mawar Pedes - Duo Bocil Snack,16000.0,Markas Makaroni,Kab. Bekasi,3000,4.9
Kerupuk Seblak Mini Kencur Jablay Bantet Pedas 500Gram Kiloan,23000.0,Dapur Seblak Madit,Medan,100,4.9
Seblak Instan Pedas Home Made,3500.0,Ra.Isyah Store,Jakarta Timur,100,4.8
Krupuk Seblak Mawar Rafael Pedas 500Gr,23500.0,Tam Snack,Depok,100,4.9
"Seblak Instan Madit - Original, 250Gr",14000.0,Sajodo Snack & Food,Tasikmalaya,3,5.0
Seblak Mozarella,30000.0,Pasar Keripik Bandung,Bandung,80,4.9
Kerupuk Seblak Pedas Gurih Kencur 250 Gram - Tam Snack,14000.0,Grosir Putra Bdg,Kab. Bandung,500,4.8
"Bundling 1 Best Seller (Seblak 1, Keju Aroma 1, Keripik Kaca 1)",90000.0,Global Cookware1,Jakarta Barat,50,5.0
Pasar Keripik Kerupuk Seblak Mawar Mini Pedas Size Kecil,12500.0,Ebay Store,Kab. Tangerang,100,5.0
Seblak / Paket Seblak Bumbu Komplit Pedas Ekonomis,3479.0,Sajodo Snack & Food,Tasikmalaya,100,4.7
11 Bungkus Seblak Mamang Paket Reseller,55000.0,Veggieku Store,Jakarta Barat,17,4.8
Naagih! Seblak Cuanki Baso Aci Boci Instant Kuliner Bandung Pedas Pool,8000.0,Sajodo Snack & Food,Tasikmalaya,7,4.8
Seblak Instan Sajodo Snack,22500.0,Cuanki Culametan,Kab. Garut,100,4.9
Kerupuk Seblak Vegetarian Snack Vegan,15000.0,Oke Snack,Jakarta Selatan,250,4.8
"[ Buy 5 Get 5 ] Special Bedug Package (Baso Aci, Seblak, Keju Aroma...",150000.0,The Little Snacks,Tangerang Selatan,1000,4.9
Siomay Mini Kering 1Kg Toping Seblak Baso Aci,25999.0,Kylafood Jakarta,Jakarta Selatan,90,4.9
Cemilan Seblak Kari Pedas 65Gr,4500.0,Beauty Deluxe,Jakarta Barat,50,4.9
Seblak Putih Pedas / Kerupuk Bawang Pedas Odjolali Oleh Oleh Bsndung,9900.0,Distributor Cuanki Dan Seblak,Kab. Bekasi,500,4.8
Seblak Rempah Autentik Isi 5 Pcs,68000.0,Berkah Food Bandung,Cimahi,7000,4.9
Seblak Rafael | Seblak Mamang Rafael | Seblak Viral Original Tatangga,39500.0,Camilanjati,Kab. Sidoarjo,70,5.0
Cuanki Lidah 50 Pcs Topingan Seblak Baso Aci Bakso Cuanki,12999.0,Duo Bocil Snack,Depok,250,4.9
Seblak Instan Kenyang Murah Asli Bandung Reseller Tanpa Pengawet,7138.0,Kriuk Jaya,Jakarta Barat,100,4.8
[250 Gr] Kerupuk Seblak Pedas,11500.0,Pedas Gilaa,Surabaya,500,4.9
Kerupuk Seblak Rafael Pedas / Seblak Mawar Pedes - Duo Bocil Snack,16000.0,Pedas Gilaa,Surabaya,1000,4.9
Kerupuk Seblak Aneka Warna Pedas ... Hot,14000.0,Kickball Official,Bandung,250,4.7
Pilus Cikur 1Kg Khas Garut Topping Baso Aci / Seblak,30000.0,Agen Bawang Goreng Mas Yo,Kab. Bogor,100,4.9
Gurilem Mini 1Kg Siomay Kering Toping Baso Aci Cuanki Seblak,29000.0,Cuanki Culametan,Kab. Garut,500,4.9
Bumbu Seblak Basah Instan,26666.0,Innes Oleh Oleh,Jakarta Barat,2,4.9
Kerupuk Indosari Gado Gado Dan Seblak,25900.0,Oke Snack,Jakarta Selatan,750,4.9
Cuanki Tahu Kering Seblak Isi 50 Pcs Toping Seblak Baso Aci,12500.0,Lakoca Official Shop,Cimahi,30,4.8
Kerupuk Seblak Pedas Daun Jeruk / Krupuk Seblak Kering / Seblak Pedes,25000.0,Enjishop432,Kab. Bandung,2,4.7
Seblak Kencur / Okesnack,10000.0,The Little Snacks,Tangerang Selatan,40,4.7
Paket Isi 4 Batagor Instan | Makaroni Basah | Seblak Basah,64906.0,Bocikakang,Jakarta Selatan,500,4.8
((Kuy)(Order)) Kerupuk Seblak Pedas Kering / Kerupuk Seblak Rasa Daun,22000.0,Riki Store 97,Kab. Bogor,100,5.0
Kerupuk Seblak Rafael Pedas Daun Jeruk | Krupuk Mawar Pedes,22900.0,Omiyago,Jakarta Barat,40,5.0
Kerupuk Seblak Pedas Daun Jeruk 100 Gr,4500.0,Sajodo Snack & Food,Tasikmalaya,70,4.9
Kerupuk Seblak Pedas Daun Jeruk,4500.0,Aneka Sayuran Segar,Jakarta Utara,50,5.0
Omiyago Snack Kerupuk Seblak,5000.0,Ajs(Ale Jaya Snack),Jakarta Utara,40,5.0
3 Baso Aci Free Seblak Sajodo Snack & Food,90000.0,Aurel Prima Snack,Jakarta Barat,11,4.9
Termurah Kerupuk Bawang Buat Seblak Size Mini (Mentah),8500.0,Cemilan Ti Lembur,Bandung,20,4.8
Kerupuk Seblak Mini Kencur Jablay Bantet Pedas 500Gram Kiloan,23000.0,Aghniya,Tangerang Selatan,1000,4.9
Kerupuk Seblak Kencur/Seblak Cikruh Rasa Pedas Berat 1 Kg,42500.0,Ujik Snack Store,Malang,100,4.6
Kerupuk Seblak Beton Cikruh Pedas Daun Jeruk / Seblak Beton Bantat,13750.0,Cuanki Culametan,Kab. Garut,100,4.8
"Siomay Kering Bandung 500 Gr. Untuk Baso Aci, Seblak ,Mie Ayam Dll",14999.0,Lakoca Official Shop,Cimahi,30,4.9
Seblak Kering Kencur 150G Ujik Snack,8000.0,Sajodo Snack & Food,Tasikmalaya,100,4.8
Cuanki Pangsit Segitiga Atau Cipet Isi 40 Pcs Toping Seblak Baso Aci,13999.0,Cuanki Culametan,Kab. Garut,60,5.0
Gfs Seblak Basah Instan Original - Tinggal Seduh 3 Menit Langsung Siap,16618.0,Home_Nature,Kab. Tangerang,100,4.9
Beli 3 Seblak Free 1 Keju Aroma,90000.0,Toko Bemo,Jakarta Timur,19,4.6
Cuanki Tahu Kering Seblak Atau Batagor Kering Isi 150 Pcs,34999.0,Icip Icip Snack Bandung,Bandung,250,5.0
Kerupuk Seblak Orens / Kerupuk Sari Laut Orange Mentah,8000.0,Snackbox88,Bekasi,1000,5.0
Kerupuk Seblak Pedas 200Gram,17000.0,Baso Aci Zahra,Kab. Bandung,10,4.8
Seblak Keripik Beton 1Kg Cikruh / Sebring Kerupuk Beton 1Kg Cikruh,90000.0,Global Cookware1,Jakarta Barat,14,4.8
"Baso Aci Boci Instan Maci Eco Ayam, Keju, Seblak",8999.0,Riki Store 97,Kab. Bogor,1000,4.9
(Harga Termurah) Seblak Instan Mantap,3900.0,Tokomakanankalimantan,Jakarta Barat,50,5.0
10 Bungkus Seblak Cobek Ala Rafael,55000.0,Rak Sebelah,Jakarta Pusat,100,4.8
Kerupuk Seblak Bantet Pedas 75 Gr Enak,4500.0,Toko Camilan Anyar,Surabaya,250,4.9
Seblak Instan Jeletot Jajanan Hits Bandung 1 Porsi,4180.0,Bocikakang,Jakarta Selatan,250,4.7
Bundle 3Pcs - Seblak Basranger Extra Pedas 200Gr Makanan Instan,51900.0,Distributor Cuanki Dan Seblak,Kab. Bekasi,100,4.7
Kerupuk Seblak Kencur / Seblak Jablay Viral @100-500Gr,7142.0,Ajs(Ale Jaya Snack),Jakarta Utara,70,4.9
Kerupuk Seblak Mentah 1Kg Warna Warni,26500.0,Eatbam Store,Jakarta Timur,23,5.0
Somay Mini Gurilem Batagor Mini Toping Seblak Baso Aci Cuanki 1Kg,28500.0,Aurel Prima Snack,Jakarta Barat,100,4.9
Kerupuk Jablay Bantet/Seblak Mini Pedas 250Gram,14000.0,Ayundasnack,Bandung,22,4.8
Seblak Instan Komplit Bumbu Basah,9859.0,Camilanjati,Kab. Sidoarjo,250,5.0
Kerupuk Seblak Kencur/Seblak Cikruh Berat 500 Gram,22500.0,Dariimyu,Kab. Indramayu,80,4.9
Kerupuk Seblak Rafael Kering Bantat Pedes Daun Jeruk 250Gr,18000.0,Anggris Store,Kab. Bogor,9,4.9
[500 Gr]Kerupuk Seblak Pedas,22500.0,Bawangbagus,Tangerang,100,5.0
Krupuk Stik Rasa Udang Cap Padi Kapas Khas Indramayu Bisa Buat Seblak,19500.0,Toko Cemilan Rafiqi,Jakarta Barat,500,4.8
Kerupuk Seblak / Seblak / Kering Pedas /,10900.0,Vieka Mart Official,Tangerang Selatan,100,5.0
Kerupuk Orange / Kerupuk Seblak 250Gr / Kerupuk Mentah - Bawangbagus,7500.0,Aliya28,Tangerang Selatan,250,4.6
Krupuk Seblak Pedas Daun Jeruk,10000.0,Kylafood,Bandung,100,4.8
Seblak Ala Kang Rafael | Seblak Viral | Seblak Cobek,9916.0,Azkia Rasa,Kab. Tasikmalaya,21,4.9
Seblak/Cuanki/Baso Aci/Batagor Kuah (Instan) 1Porsi. Toping Lengkap,7500.0,Camilanqu_Shop,Kab. Majalengka,3000,5.0
Kylafood Seblak Rempah Autentik Isi (5Pcs),61275.0,Pedas Gilaa,Surabaya,100,4.8
Seblak Instan / Seblak Instan Bandung / Seblak Instan Pedas,4200.0,Grosir Putra Bdg,Kab. Bandung,50,5.0
Makaroni Bantet Pedas Daun Jeruk 1Kg Makroni Bantet Seblak Pedas Gurih,14960.0,Semesta Kerupuk,Tangerang Selatan,1000,5.0
Seblak Instant Homemade Lengkap Bumbu,5500.0,Rav Jaya Display,Kab. Tangerang,5,4.9
Seblak Instant Jumbo Super Pedas,6700.0,Toko Yazid Cita Rasa,Bandung,100,4.8
Kerupuk Mawar Putih Mentah 1Ball (5Kg)/Kerupuk Seblak Viral Rafael,115000.0,Distributor-Jaya,Tangerang,100,4.9
Seblak Instan Mommy,13900.0,Sinar Baru Group,Jakarta Selatan,1000,4.8
Seblak Beton Cikruh 100Grm,8000.0,Pusat Cuankie & Cemilan Frozen,Jakarta Timur,250,4.9
Kerupuk Bawang Orange Dan Putih 1Kg 1Kilo Cocok Untuk Seblak Nasi Uduk,24500.0,Rak Sebelah,Jakarta Pusat,250,4.6
Kerupuk Bawang Mentah Premium / Krupuk Seblak Warna Warni 1 Kg,24500.0,Sultan Meat Shop,Medan,100,4.9
Seblak Jumbo + Sosis Instant,7450.0,Cuanki Bakso Aci Dps,Denpasar,750,4.8
Seblak Basranger Extra Pedas 200Gr,17300.0,Cuankiculametan,Kab. Garut,250,4.9
Seblak Sultan Instant,14000.0,Bocikakang,Jakarta Selatan,10000,5.0
Seblak Instan Bandung | Halal,16000.0,Cuankiculametan,Kab. Garut,3000,4.8
Cuanki Tahu Atau Batagor Kering Kiloan Murah Isi 150 Seblak Baso Aci,32900.0,Pusat Cuankie & Cemilan Frozen,Jakarta Timur,500,5.0
Seblak Kering Pedas Daun Jeruk,4500.0,The Dhecip,Tangerang Selatan,1000,4.8
Cuanki Tahu Pasung Isi 50 Murah Batagor Kering Toping Seblak Baso Aci,12500.0,Brother Meat Shop,Depok,40,4.9
Seblak Instant Termurah,4450.0,Hikmah Berkah Jaya,Jakarta Barat,80,4.8
Seblak Instan Pedas Home Made,3500.0,Cemilan Ti Lembur,Bandung,100,4.9
"Seblak Rafael, Seblak Coet Instan Halal",25000.0,Anggris Store,Kab. Bogor,500,5.0
Seblak Instant Sajodo Snak,19000.0,Fahirastores,Kab. Bandung Barat,750,4.9
Seblak Kering Rafael Pedas Daun Jeruk / Kerupuk Seblak Mawar 250 Gram,13750.0,Aghniya,Tangerang Selatan,500,4.8
Kerupuk Seblak / Seblak / Kering Pedas /,10900.0,Global Cookware1,Jakarta Barat,250,4.9
Siomay Mini Kering 1Kg / Cuanki / Batagor / Seblak / Bakso Aci,29000.0,Brother Meat Shop,Depok,100,4.8
"Seblak Kering Pedas 250 Gr/Seblak Kencur/Kerupuk Seblak,Enak Dan Gurih",9999.0,Duo Bocil Snack,Depok,100,4.9
"Batagor Mini Kering 100 Pcs Toping Baso Aci, Seblak Dan Mie Instan",11000.0,Markas Makaroni,Kab. Bekasi,10000,5.0
"Seblak Rafael, Seblak Coet Instan Halal",25000.0,Markas Makaroni,Kab. Bekasi,3000,4.9
Kerupuk Seblak Rafael Pedas / Seblak Mawar Pedes - Duo Bocil Snack,16000.0,Pusat Cuankie & Cemilan Frozen,Jakarta Timur,500,4.8
Krupuk Seblak Mawar Rafael Pedas 250Gram,12500.0,The Dhecip,Tangerang Selatan,3000,4.7
Krupuk Seblak Mawar Rafael Pedas 500Gr,23500.0,Brother Meat Shop,Depok,500,4.9
Seblak Instant Termurah,4450.0,Baso Aci Ayang,Kab. Garut,100,4.9
Seblak Instan Pedas Home Made,3500.0,Lidigeli,Kab. Garut,250,4.9
"Seblak Rafael, Seblak Coet Instan Halal",25000.0,Riki Store 97,Kab. Bogor,40,4.9
Seblak Instan Komplit Pedas Gurih Nikmat,5999.0,Duo Bocil Snack,Depok,3000,4.8
Gelifood Seblak Instan Kerupuk Mawar Bumbu Kencur Rafael Pedas Gurih,19000.0,Ajs(Ale Jaya Snack),Jakarta Utara,100,4.8
Seblak Pedas Kerupuk Pedas Kiloan 1 Kg,34000.0,The Dhecip,Tangerang Selatan,80,4.8
Kerupuk Seblak Rafael Pedas / Seblak Mawar Pedes - Duo Bocil Snack,16000.0,Markas Makaroni,Kab. Bekasi,250,4.8
Kerupuk Seblak Mini Kencur Jablay Bantet Pedas 500Gram Kiloan,23000.0,Cuanki Culametan,Kab. Garut,100,5.0
Seblak Instan Pedas Home Made,3500.0,Kylafood,Bandung,4000,4.8
Krupuk Seblak Mawar Rafael Pedas 500Gr,23500.0,Lakoca Official Shop,Cimahi,19,4.9
Pangsit Segitiga Kering Atau Cipet Isi 100 Toping Seblak Baso Aci,32999.0,Kylafood,Bandung,500,5.0
Kylafood Seblak Rempah Autentik Isi (5Pcs),61275.0,Snack Zone Official,Jakarta Selatan,28,5.0
Paket Isi 6 Cuanki Instan Lakoca | Batagor Instan | Seblak Basah Gfs,93840.0,Lidigeli,Kab. Garut,3,4.8
 Kylafood Seblak Karuhun,12825.0,Beauty Deluxe,Jakarta Barat,30,4.9
Baso Urat Djuara Sami Raos/Baso Aci Urat /Seblak,28000.0,Kerudung Bunga,Cimahi,90,5.0
Gelifood Seblak Instan Kerupuk Mawar Bumbu Kencur Rafael Pedas Gurih,19000.0,Annamustikashop,Jakarta Barat,100,4.9
Sambal Seblak By Mamang Rafael Original Halal Viraalll,39500.0,Snackbox88,Bekasi,60,4.9
Kerupuk Seblak Beton As Kering Cikruh 500 Gr Bumbu Organik Pedas Gurih,25750.0,Cuanki Culametan,Kab. Garut,2,4.9
Kerupuk Bawang Orange Seblak - 250 Gr,8500.0,Foodstocks,Jakarta Selatan,29,4.8
Seblak Instan Jontor Plus Bumbu Kencur - Seblak Pedas Medok,8100.0,Frozenology,Bekasi,100,4.7
Cuanki Tahu Panjang Atau Stik Isi 50 Pcs Toping Seblak Baso Aci,12999.0,Pasar Keripik Bandung,Bandung,250,5.0
Soun Seblak Geprek Sami Raos Khas Garut - Soun Seblak,18900.0,Cuankiculametan,Kab. Garut,100,5.0
Seblak Bapper (120Gr) | Seblak Original Camilan Asli Bandung,18000.0,Naturally Plus Jakarta,Kab. Tangerang,100,5.0
Pasar Keripik Kerupuk Seblak Mawar Mini Pedas Size Besar,28500.0,Aydaa Snack,Surakarta,100,5.0
Siomay Mini Kering 1Kg / Gurilem Toping Seblak Baso Aci Cuanki,25500.0,Toko Kue Sumber Mas,Jakarta Timur,6,4.8
Seblak Rafael | Seblak Mamang Rafael | Seblak Viral,40000.0,Distributor Cuanki Dan Seblak,Kab. Bekasi,100,4.5
Sebring Krupuk Kerupuk Seblak Kering Pedas Daun Jeruk 1Kg Cabe Asli,16000.0,Hanhen Langgeng Jaya,Tangerang,26,4.9
Kerupuk / Krupuk Seblak Rasa Pedas / Terlaris / Kiloan 500 Gr,31164.0,Pelangi Girls Naget 2,Depok,70,4.9
Sukro Pilus Cikur Sari Rasa 1Kg - Toping Seblak - Baso Aci,35000.0,Vivflo Shop,Jakarta Selatan,250,4.8
Seblak Viral Mang Rafael,10000.0,Ahr Jaya Snack,Jakarta Timur,30,4.9
Seblak Instan Ksn Frozen,10600.0,Pedas Gilaa,Surabaya,1000,5.0
Kerupuk Seblak Pedas Fortuna (Isi 12),11000.0,Pusat Cuankie & Cemilan Frozen,Jakarta Timur,60,4.9
Kerupuk Pedas Kriwil Bantat Isi 250Gr Kriting Sembring Seblak Mawar,17248.0,Kylafood,Bandung,15,5.0
Seblak Bapper,14999.0,Cuanki Culametan,Kab. Garut,100,4.9
Cuankie Siomay Isi 50 Topping Baso Aci / Seblak,18000.0,Lakoca Official Shop,Cimahi,100,5.0
Kylafood Seblak Original Play,21375.0,Gerai Snack Official Shop,Kab. Tangerang,1000,4.9
Cuanki Tahu Bulat Kering 50 Pcs Toping Seblak Baso Aci,17999.0,Keva Store,Depok,20,5.0
Paket Isi 6 Makaroni Basah Instan | Seblak Basah Instan,93840.0,Kylafood,Bandung,80,4.7
Seblak Instant Basranger Extra Pedas Daun Jeruk (200Gr),19700.0,Kurniamakmur75,Depok,40,4.8
Comring Seblak 200Gr | Pedas | Makanan Ringan | Cemilan | Snack Renyah,19000.0,Sajodo Snack & Food,Tasikmalaya,100,4.2
Kylafood Seblak Original Play,21375.0,Jajanan Hits (Js),Tangerang Selatan,17,5.0
Kerupuk Oren/Kerupuk Seblak Oren/Kerupuk Ikan Tenggiri Oren 500 Gr,8900.0,Supersnacksshop,Kab. Bandung,14,4.9
3 Seblak Free Baso Aci,90000.0,Seblak Guludug Bandung,Kab. Bandung,50,4.9
Seblak Tulang Rangu Nyai Mercon,21000.0,Semangkok Boci,Kab. Klaten,22,4.9
Krupuk / Kerupuk Mentah / Kerupuk Seblak Mentah 1Kg Mawar Warna,21750.0,Kricep,Surabaya,40,4.9
Seblak Beton Extra Pedas Daun Jeruk 500Gram,25500.0,Dinayashop,Jakarta Barat,10000,4.8
12 Bungkus Mix Baso Aci Isi 6 Pcs X Seblak Instan Isi 6 Pcs,42999.0,Yasnackid,Bandung,50,4.9
Kerupuk Seblak Kering Pedas Daun Jeruk 200Gr,6999.0,Kira3Arut,Kab. Garut,100,5.0
Kerupuk Mentah Seblak,75000.0,Kylafood,Bandung,100,4.9
Yasnack Kerupuk Seblak Rafael Pedas Cikruh Gurih 500 Gr,28900.0,Cuankiculametan,Kab. Garut,40,4.9
Cuanki Lidah Asli Garut Isi 150 Pcs,32500.0,Rak Sebelah,Jakarta Pusat,250,5.0
Kylafood Mix Pentol Kuah Dan Seblak Original,46000.0,Lakoca Official Shop,Cimahi,28,5.0
Sukro Cikur Pilus Kencur Sari Rasa 250 Gram Toping Seblak Baso Aci,8500.0,Amana Snack,Tangerang Selatan,90,5.0
Bundle - Basranger Seblak | Baso Aci Extra Pedas | Tulang Rangu,56300.0,Ebay Store,Kab. Tangerang,90,4.8
Paket Isi 6 Cuanki Instan Lakoca | Latagor | Seblak | Makaroni,93840.0,Arfaonlineshop,Tangerang,50,4.9
Marenta Seblak Instan,14590.0,Arfaonlineshop,Tangerang,40,4.7
Cuanki Seblak Baso Aci Boci Express Instant Kuliner Bandung Pilih ,10000.0,Roda Minang,Jakarta Barat,7,4.6
Cuanki/Cuankie Lidah Isi 50 Pcs Khas Garut Baso Aci/Boci/Seblak,16999.0,Cikemam,Cimahi,250,4.8
Pilus Cikur 250 Gram Khas Sukabumi Baso Aci/Boci/Seblak,9999.0,Bandung Snack Center.Id,Kab. Bandung,40,4.8
Kerupuk Bawang Prima / Kerupuk Warna Warni / Kerupuk Seblak - 1Kg,23000.0,Riki Store 97,Kab. Bogor,1000,5.0
Cikemam - Paket Bundling Seblak (3 Pcs),37000.0,Pusat Cuankie & Cemilan Frozen,Jakarta Timur,40,5.0
Seblak Kering Kerupuk Beton 500Gr Pedas Daun Jeruk,27999.0,Duo Bocil Snack,Depok,500,4.9
Kerupuk Seblak Kering Enak Gurih,5000.0,Riki Store 97,Kab. Bogor,3000,5.0
Kerupuk Oren 1Kg Topping Seblak,21000.0,Camilanung,Bekasi,100,4.8
Kerupuk Seblak Pedas Gurih Aroma Kencur,15000.0,Lisdhacollection,Kab. Garut,5,4.8
Kerupuk Seblak Kencur Pedas Gurih,5500.0,Semesta Kerupuk,Tangerang Selatan,250,5.0
Snack Kiloan Kerupuk Seblak Pedas Nagih 250 Gram Free Bubble Warp,16900.0,Cemilan Kang Asep,Kab. Bandung,11,5.0
Seblak Komplit⠀⠀,5500.0,Supersnacksshop,Kab. Bandung,21,5.0
Kerupuk Mawar Putih Mentah 500Gram / Kerupuk Ikan Mentah /Seblak Viral,13000.0,Supersnacksshop,Kab. Bandung,100,5.0
Kerupuk Seblak Beton Jadul Pedas Cemilan Kang Asep 500Gr,23500.0,Riki Store 97,Kab. Bogor,50,5.0
Krupuk / Kerupuk Mentah / Kerupuk Seblak Mentah 1Kg Slondok,21750.0,Kerucangby2R,Kab. Bandung,50,4.7
Krupuk / Kerupuk Mentah / Kerupuk Seblak Jengkol Sisir 1Kg,21750.0,Arfaonlineshop,Tangerang,250,4.9
Sabring Kerupuk Seblak Jablay Pedas Jumbo,15000.0,Toko Kue Meisya,Jakarta Pusat,12,4.7
Kerupuk Seblak Bumbu Kacang (Kerucang),15000.0,Arfaonlineshop,Tangerang,30,4.9
Paket Mix Hemat 50 Baso Aci/Boci/Seblak/Cuanki,87000.0,Riki Store 97,Kab. Bogor,15,5.0
Kerupuk Seblak Pedas Kencur / Sembring Seblak Keriting Bantet 500 Gram,36000.0,Cemilan Kang Asep,Kab. Bandung,30,5.0
Paket Komplit Bumbu Baso Aci/Boci/Cuanki/Seblak Eceran,1200.0,Yasnackid,Bandung,24,5.0
Kerupuk Seblak Extra Pedas Murah Meriah,5000.0,Maya Light Electro,Tangerang,90,5.0
Kerupuk Seblak Tatangga Mamang Rafael Pedas Kencur Daun Jeruk 500Gr,30150.0,Arsensnack,Kab. Bekasi,2000,4.9
Yasnack Kerupuk Seblak Rafael Pedas Jeruk Renyah 500 Gr,28900.0,Riki Store 97,Kab. Bogor,80,4.9
Bakso Aci Seblak Mie Instant Baso Kekinian Halal Murah Enak,6999.0,Central Seblak Nusantara,Tangerang Selatan,250,4.8
Kerupuk Seblak Bantet Kemasan,5000.0,Msh Rempah,Jakarta Selatan,100,4.9
Seblak Kerupuk Bantet Kering 75 Gram,5000.0,Cemilanceuromlah,Bandung,19,4.8
Seblak Instan Ceu Nthien Khas Bandung Rasana Ngeunah Pisan,17000.0,Foodstocks,Jakarta Selatan,30,4.9
Bumbu Seblak 200 G Dengan Kerupuk,34980.0,Bumbukeluargakita,Jakarta Barat,70,4.8
Kerupuk Seblak Cocol Mentah Viral Mawar 100Gram,5000.0,Roda Minang,Jakarta Barat,250,4.9
Seblak Hot Spicy By Bapper Food / Seblak Instant Khas Bandung,16800.0,Baroqahsnack,Jakarta Barat,250,5.0
Kerupuk Seblak Viral / Kerupuk Mawar Putih Viral Mentah 250Gram,8000.0,Oke Snack,Jakarta Selatan,100,4.8
Kerupuk Bawang Prima / Kerupuk Warna Warni / Kerupuk Seblak - 500 Gram,12000.0,Kylafood,Bandung,250,5.0
Seblak Kencur /Kerupuk Seblak Kencur Pedas,11000.0,Crmarket,Kab. Malang,10000,4.8
Cemilan Seblak Kari Pedas 65Gr,4500.0,Kylafood,Bandung,3000,4.9
Kylafood Seblak Karuhun Play,12825.0,Cuanki Culametan,Kab. Garut,500,4.8
"Seblak Cuanky, Seblak Rejo Enak Maknyus",9000.0,Pusat Cuankie & Cemilan Frozen,Jakarta Timur,1000,4.9
Kylafood Mix Fav Selebgram Seblak Original & Batagor Kuah,47840.0,The Dhecip,Tangerang Selatan,40,5.0
Siomay Mini Kering 250 Gram Toping Seblak Baso Aci,7999.0,Brother Meat Shop,Depok,80,4.9
Seblak Instant Termurah,4450.0,Hikmah Berkah Jaya,Jakarta Barat,100,4.8
Seblak Instan Pedas Home Made,3500.0,Cemilan Ti Lembur,Bandung,500,4.9
"Seblak Rafael, Seblak Coet Instan Halal",25000.0,Anggris Store,Kab. Bogor,750,4.8
Seblak Instant Sajodo Snak,19000.0,Fahirastores,Kab. Bandung Barat,500,4.9
Seblak Kering Rafael Pedas Daun Jeruk / Kerupuk Seblak Mawar 250 Gram,13750.0,Aghniya,Tangerang Selatan,250,5.0
Kerupuk Seblak / Seblak / Kering Pedas /,10900.0,Global Cookware1,Jakarta Barat,100,4.9
"Seblak Kering Pedas 250 Gr/Seblak Kencur/Kerupuk Seblak,Enak Dan Gurih",9999.0,Duo Bocil Snack,Depok,10000,4.7
"Batagor Mini Kering 100 Pcs Toping Baso Aci, Seblak Dan Mie Instan",11000.0,Markas Makaroni,Kab. Bekasi,3000,4.9
"Seblak Rafael, Seblak Coet Instan Halal",25000.0,Markas Makaroni,Kab. Bekasi,500,4.9
Kerupuk Seblak Rafael Pedas / Seblak Mawar Pedes - Duo Bocil Snack,16000.0,Pusat Cuankie & Cemilan Frozen,Jakarta Timur,3000,4.9
Krupuk Seblak Mawar Rafael Pedas 250Gram,12500.0,The Dhecip,Tangerang Selatan,500,4.9
Krupuk Seblak Mawar Rafael Pedas 500Gr,23500.0,Brother Meat Shop,Depok,100,5.0
Seblak Instant Termurah,4450.0,Baso Aci Ayang,Kab. Garut,250,5.0
Seblak Instan Pedas Home Made,3500.0,Lidigeli,Kab. Garut,40,4.9
"Seblak Rafael, Seblak Coet Instan Halal",25000.0,Riki Store 97,Kab. Bogor,3000,5.0
Seblak Instan Komplit Pedas Gurih Nikmat,5999.0,Duo Bocil Snack,Depok,100,4.9
Gelifood Seblak Instan Kerupuk Mawar Bumbu Kencur Rafael Pedas Gurih,19000.0,Ajs(Ale Jaya Snack),Jakarta Utara,500,5.0
Seblak Pedas Kerupuk Pedas Kiloan 1 Kg,34000.0,The Dhecip,Tangerang Selatan,8,5.0
Kerupuk Seblak Rafael Pedas / Seblak Mawar Pedes - Duo Bocil Snack,16000.0,Markas Makaroni,Kab. Bekasi,4000,4.4
Kerupuk Seblak Mini Kencur Jablay Bantet Pedas 500Gram Kiloan,23000.0,Kylafood,Bandung,4,4.9
Seblak Instan Pedas Home Made,3500.0,Pasar Keripik Bandung,Bandung,4000,4.9
Krupuk Seblak Mawar Rafael Pedas 500Gr,23500.0,Kylafood,Bandung,7,4.9
Kylafood Seblak Kwetiaw Play,22325.0,Lemari Wanita,Jakarta Timur,9,5.0
Pasar Keripik Kerupuk Seblak Mawar Pedas Size Kiloan,65000.0,Kylafood,Bandung,3,4.9
Kylafood Seblak Mie Baso,26125.0,Riki Store 97,Kab. Bogor,30,5.0
Seblak Jadoel Sambel Hedjo Samiraos | Seblak Instan Pedas Murah,18500.0,Camilanqu_Shop,Kab. Majalengka,50,5.0
Kylafood Seblak Kwetiaw,22325.0,Kerudung Bunga,Cimahi,7,5.0
Kerupuk Seblak 100 Gram Pedas Gurih,8000.0,Kairashop_Id,Surabaya,250,4.9
Kerupuk Seblak Kering Pedas Daun Jeruk 1Kg Krupuk Seblak Bantet Pedas,14990.0,Grosir Putra Bdg,Kab. Bandung,100,5.0
Kerupuk Seblak Beton As Kering Cikruh 1 Kg Bumbu Organik Pedas Gurih,45500.0,Bung Boe Snack,Kab. Sumedang,11,4.9
Seblak Instan | Seblak Instan Homemade Super Lengkap,4999.0,Kylafood,Bandung,100,5.0
Sebring Seblak Rafael Bumb Pedas Gurih Daun Jeruk 80Gr,4951.0,Cuankiculametan,Kab. Garut,60,5.0
Seblak Rafael - Asin,19000.0,Kylafood,Bandung,6,4.9
Kylafood Seblak Mie Baso Sapi Play,26125.0,Cuanki Culametan,Kab. Garut,11,5.0
Siomay Kering Besar Murah 50 Pcs Toping Seblak Baso Aci Cuanki,16555.0,Seblak Carla,Tangerang,100,5.0
Kylafood Seblak Rempah Autentik Isi (20 Pcs),294120.0,Akagamishanks40,Jakarta Pusat,100,5.0
Cuanki Tahu Gepeng Isi 50 Pcs Toping Seblak Baso Aci,19500.0,Bara Snack Kediri 1,Kediri,250,5.0
5 Pack Seblak Instant Carla,74999.0,Cemilan-Ce,Kab. Sidoarjo,30,4.9
Seblak Bandung Jawara Pedas,28000.0,Cuanki_Bandung,Kab. Bandung,250,5.0
[ 250Gr ] Kerupuk Seblak Kencur Pedas Daun Jeruk / Camilan Snack Murah,7250.0,Kylafood,Bandung,100,5.0
Seblak Instan Termurah,3500.0,A Grow Exia (Store),Kab. Bantul,30,5.0
Kerupuk Seblak Mentah 1Kg - Krupuk Oren Matahari Pagi Mp - Kemplang,19000.0,Agen Snack Murah,Jakarta Barat,12,5.0
Kylafood Seblak Karuhun Play,12825.0,Fahirastores,Kab. Bandung Barat,3,4.9
Samiraos Baso Aci Geprek Tulang Rangu Seblak Baso Urat Yamin Noodle,23950.0,Arfaonlineshop,Tangerang,50,4.9
Seblak Kencur 250Gr/Kerupuk Seblak Rasa Kencur/Snack Cemilan,12500.0,Lemari Wanita,Jakarta Timur,70,4.9
Siomay Mini Kering 1Kg / Cuanki / Batagor / Seblak / Bakso Aci,29000.0,Foodstocks,Jakarta Selatan,1000,4.8
Cuanki/Cuankie Lidah 100 Pcs Termurah Khas Garut Baso Aci/Seblak Boci,32999.0,Kylafood,Bandung,4,4.8
Mie Seblak Geprek Samiraos Original | Seblak Mie Instat Pedas,20000.0,Foodstocks,Jakarta Selatan,13,4.9
Seblak Nyai Mercon,24700.0,Kylafood,Bandung,30,4.8
Seblak Tulang Rawan K.Y.L Kylafood (Spesial Panen Telur),24225.0,Kerudung Bunga,Cimahi,40,4.8
Geli Chips - Seblak Kering Pedas Gurih Daun Jeruk 65Gr,10200.0,Juragan Ikan Laut,Jakarta Selatan,14,4.9
Seblak Original K.Y.L Kylafood (Spesial Panen Telur),21375.0,Afif Jaya Cemilan,Surabaya,40,5.0
Kerupuk Seblak Beton As Kering Cikruh Bumbu Organik Pedas Gurih,15000.0,Riki Store 97,Kab. Bogor,750,4.8
Kerupuk Seblak Mentah Berkualitas - 250 Gram,10000.0,Hamood Store 7,Jakarta Pusat,50,4.9
Krupuk Seblak Kering Rasa Kencur Afif Jaya Cemilan,8900.0,Seblak Carla,Tangerang,4000,5.0
Sabring Kerupuk Seblak Pedas,4000.0,Oyun Kriukzz,Jakarta Barat,8,5.0
(Min 5 Paket Hemat) Seblak Berkah Cemilan Instant Bandung Siomai Enak,14800.0,Pelangi Khatulistiwa 2,Surabaya,50,4.9
Paket 7 Pack Seblak Instant Carla,78750.0,Kylafood,Bandung,70,5.0
Kerupuk Seblak Kering Kencur 500Gram /Seblak Kering Pedas Daun Jeruk,30000.0,Lesgo99,Tangerang Selatan,100,4.8
Kerupuk Seblak Polos Pedas 500Gr Jajanan Cemilan Sneck Makanan Keripik,20000.0,Rak Sebelah,Jakarta Pusat,250,4.9
 Kylafood Seblak Karuhun,12825.0,Kylafood,Bandung,250,4.9
Kerupuk Bawang Seblak Mentah Bintang Tersanjung Warna Warni [250Gr],8950.0,Cuanki Culametan,Kab. Garut,20,4.9
Bundle 3Pcs - Seblak Basranger Extra Pedas 200Gr Makanan Instan,51900.0,Mbrebesmili,Depok,30,4.9
Kylafood Seblak Rempah Autentik Isi (10Pcs),122550.0,Cuanki Culametan,Kab. Garut,90,5.0
Cuanki Tahu Gepeng Isi 100 Pcs Toping Seblak Bsso Aci,39999.0,Rn Frozen Food,Jakarta Selatan,60,4.9
Ciomy Cuanki Cheese,25000.0,Kurniamakmur75,Depok,70,5.0
Cuanki Lidah 150 Pcs Toping Seblak Baso Aci,35999.0,Arfaonlineshop,Tangerang,750,4.9
Seblak Uleg || Viral,8000.0,Bintang Jaya Jsp,Tangerang Selatan,14,4.2
Kerupuk Oren/Kerupuk Seblak/Kerupuk Ikan Tenggiri Oren 1 Kg,17000.0,Pixie By Cynthia,Semarang,250,4.8
Siomay Segitiga Isi 10 Pcs Baso Aci/Boci/Seblak,7999.0,Arfaonlineshop,Tangerang,60,4.9
Kerupuk Bawang Putih Buat Seblak,77500.0,Ahr Jaya Snack,Jakarta Timur,100,4.7
Kerupuk Mawar Terung Kecil 250 Gram Seblak Coet Cocol,7500.0,Aghniya,Tangerang Selatan,100,4.0
Bumbu Kuah Cuanki Baso Aco/Boci Seblak Eceran,699.0,Kairashop_Id,Surabaya,60,4.8
Kerupuk Pedas Kriwil 500Gr / Krupuk Seblak Super Pedas,32200.0,Tukangsayurmbakyu,Tangerang Selatan,90,5.0
"Keripik Beling/Kaca 1/2 Kg. Bumbu Seblak Daun Jeruk Enak, Gurih, Pedas",25999.0,Arfaonlineshop,Tangerang,100,5.0
Krupuk Seblak Rafael | Sebring | Kerupuk Mawar Pedas Daun Jeruk,3800.0,Toko Kue Meisya 2,Jakarta Pusat,250,4.9
Kerupuk Bawang Orange - Kerupuk Seblak 250Gr,7500.0,Seblak Carla,Tangerang,500,4.8
Siomay Kuncup Kering Isi 20 Pcs Baso Aci/Boci/Seblak/Cuanki,6999.0,Karoppotta Official,Makassar,28,5.0
Kerupuk Pedas Seblak Jablay Warna Warni Kiloan Terlaris 25Ogr,18000.0,Cemalcemil_Skuy,Tangerang,100,4.7
Seblak Instan Lala Komplit Rasa Mantap Ngeunah Raos Pisan Khas Bandung,59999.0,Aufaro Snack,Kab. Bandung Barat,500,4.4
(Promo Murah) Seblak Instan Jajanan Khas Bandung By Karoppotta,8380.0,Riki Store 97,Kab. Bogor,100,4.9
Paket Kerupuk Seblak,50000.0,Kylafood,Bandung,20,4.9
Seblak Instant Komplit Bumbu Cikruh Bandung Aufaro Snack,6800.0,Via Frozen Food,Jakarta Timur,100,4.8
Sabring Kerupuk Seblak Kering Pedas 75 Gram,5000.0,Supersnacksshop,Kab. Bandung,30,5.0
Kylafood Mix Fav Selebgram Seblak Original & Batagor Kuah,47840.0,Riki Store 97,Kab. Bogor,6,4.9
Seblak,10500.0,Distributor Cuanki Dan Seblak,Kab. Bekasi,100,4.9
Krupuk / Kerupuk Mentah / Kerupuk Seblak Mentah 1Kg Ikan Merah,21750.0,3Key Frozen,Tangerang,100,4.8
Kerupuk Seblak Pedas 75 Gram,5000.0,Mandumpang Jaya Olshop,Jakarta Pusat,8,5.0
Cuanki Tahu Panjang Isi 25 Pcs Toping Seblak Baso Aci Bakso Cuanki,8500.0,Cuankiculametan,Kab. Garut,250,4.9
Seblak Instan Carla 100Gr,14000.0,Adila_Putri_Snack,Kab.Ciamis,100,5.0
Kerupuk Mawar Ukuran Kecil Warna Putih/Kerupuk Seblak Mentah 250 Gr,15000.0,Semesta Kerupuk,Tangerang Selatan,500,4.8
Cuanki Lidah Murah Kiloan Isi 150 Toping Seblak Baso Aci,33999.0,Pempek Emak Indah,Jakarta Barat,250,4.9
Kerupuk Seblak Pedas 1 Kg / Kerupuk Seblak,35625.0,Nomel Shop,Surabaya,16,5.0
Kerupuk Mawar Putih Mentag 250Gram / Kerupuk Ikan / Seblak Viral,7000.0,Cuanki Culametan,Kab. Garut,40,4.8
Seblak Instant Halu - Seblak Mie Halu - Emak Indah Food,19999.0,Distributor Cuanki Dan Seblak,Kab. Bekasi,250,5.0
Baso Aci Homemade Boci Isi 6 Baso Aci Tulang Rangu Seblak Boci Sehot,3800.0,Seblak Mantul,Kab. Bandung,250,4.8
Cuanki Tahu Kering Seblak Isi 50 Pcs Toping Seblak Baso Aci,12500.0,Cemilan Ti Lembur,Bandung,750,4.9
Somay Mini Gurilem Batagor Mini Toping Seblak Baso Aci Cuanki 500 Gr,13999.0,Lidigeli,Kab. Garut,13,4.8
"Seblak Kerupuk Jengkol Pedas Bumbu Basah Cod,Asli Bandung",12500.0,Paulus Plastik,Kab. Bantul,250,4.9
Seblak Kering Rafael Pedas Daun Jeruk / Kerupuk Seblak Mawar 250 Gram,13750.0,Seblak Mang Muss,Tasikmalaya,2,5.0
Masjay Seblak Bumbu Membara Instant - No.1 Street Food Bandung,19000.0,Gerai Singawada,Kab. Majalengka,10000,4.9
Krupuk Mentah / Seblak / Bawang / Buryam / Lotek / Ketoprak 250Gr,5400.0,Rak Sebelah,Jakarta Pusat,3000,4.8
Seblak Kicimpring Mang Muss - Level 3,10999.0,Tukang Ngemill,Kab. Bogor,500,4.9
Seblak Pedas Kicimpring Iyagasih,15000.0,Muysproduct,Kab. Bogor,1000,4.8
Seblak Basranger Extra Pedas 200Gr,17300.0,Pusat Cuankie & Cemilan Frozen,Jakarta Timur,40,4.9
Seblak Balak,16000.0,The Dhecip,Tangerang Selatan,80,5.0
Seblak Instan Om Brewok - Original,14000.0,Brother Meat Shop,Depok,100,4.9
Seblak Instant Termurah,4450.0,Hikmah Berkah Jaya,Jakarta Barat,500,4.8
Seblak Instan Pedas Home Made,3500.0,Cemilan Ti Lembur,Bandung,750,4.7
"Seblak Rafael, Seblak Coet Instan Halal",25000.0,Anggris Store,Kab. Bogor,500,4.9
Seblak Instant Sajodo Snak,19000.0,Fahirastores,Kab. Bandung Barat,250,4.9
Siomay Mini Kering 1Kg / Cuanki / Batagor / Seblak / Bakso Aci,29000.0,Brother Meat Shop,Depok,10000,4.6
"Seblak Kering Pedas 250 Gr/Seblak Kencur/Kerupuk Seblak,Enak Dan Gurih",9999.0,Duo Bocil Snack,Depok,3000,4.8
"Batagor Mini Kering 100 Pcs Toping Baso Aci, Seblak Dan Mie Instan",11000.0,Markas Makaroni,Kab. Bekasi,500,4.7
"Seblak Rafael, Seblak Coet Instan Halal",25000.0,Markas Makaroni,Kab. Bekasi,3000,4.8
Kerupuk Seblak Rafael Pedas / Seblak Mawar Pedes - Duo Bocil Snack,16000.0,Pusat Cuankie & Cemilan Frozen,Jakarta Timur,500,5.0
Krupuk Seblak Mawar Rafael Pedas 250Gram,12500.0,The Dhecip,Tangerang Selatan,100,4.9
Krupuk Seblak Mawar Rafael Pedas 500Gr,23500.0,Brother Meat Shop,Depok,250,4.9
Seblak Instant Termurah,4450.0,Baso Aci Ayang,Kab. Garut,40,4.9
"Seblak Rafael, Seblak Coet Instan Halal",25000.0,Riki Store 97,Kab. Bogor,100,4.9
Seblak Instan Komplit Pedas Gurih Nikmat,5999.0,Duo Bocil Snack,Depok,10000,5.0
Gelifood Seblak Instan Kerupuk Mawar Bumbu Kencur Rafael Pedas Gurih,19000.0,Ajs(Ale Jaya Snack),Jakarta Utara,4000,5.0
Seblak Pedas Kerupuk Pedas Kiloan 1 Kg,34000.0,The Dhecip,Tangerang Selatan,500,4.9
Kerupuk Seblak Rafael Pedas / Seblak Mawar Pedes - Duo Bocil Snack,16000.0,Markas Makaroni,Kab. Bekasi,50,5.0
Kerupuk Seblak Mini Kencur Jablay Bantet Pedas 500Gram Kiloan,23000.0,Mbrebesmili,Depok,5,4.8
Seblak Instan Pedas Home Made,3500.0,Muysproduct,Kab. Bogor,3000,5.0
Krupuk Seblak Mawar Rafael Pedas 500Gr,23500.0,Rak Sebelah,Jakarta Pusat,500,4.9
Baso Aci Tulang Rangu Per Biji - 100 Gram,7000.0,Oke Snack,Jakarta Selatan,2000,4.8
Cuanki Instan Bandung,4500.0,Pisang Goreng Madu Bu Nanik,Jakarta Barat,250,4.0
Cimol Keju Leleh Isi 20 Pcs,10000.0,Lidigeli,Kab. Garut,100,4.9
Ciomy Cuanki Rasa Ayam Pedas,25000.0,Jago Tok Petok,Surabaya,100,4.8
Seblak Instan Mie Bakso Om Brewok,16000.0,Distributor Cuanki Dan Seblak,Kab. Bekasi,8,4.5
Baso Aci Tulang Rangu 100 Gr,21700.0,Baroqahsnack,Jakarta Barat,60,4.9
Jagung Marning 250 Gr,16000.0,Arfaonlineshop,Tangerang,250,5.0
Keripik Singkong Balado Christine Hakim,36000.0,Foodstocks,Jakarta Selatan,1000,4.9
Masjay Seblak Bumbu Membara Instant - No.1 Street Food Bandung,19000.0,Pisang Goreng Madu Bu Nanik,Jakarta Barat,1000,5.0
Kerupuk Seblak Kering Pedas 1 Kg Keripik Hot Spicy Camilan Kekinian,41000.0,Foodstocks,Jakarta Selatan,250,4.9
Sukro Pilus Cikur Sari Rasa 500 G - Toping Seblak - Baso Aci,18000.0,Oke Snack,Jakarta Selatan,250,4.9
Kerupuk Seblak Kencur 1/2Kg(500Gr),21500.0,Lakoca Official Shop,Cimahi,12,4.9
Cuanki/Cuankie Lidah Isi 100 Pcs Baso Aci/Boci/Seblak,32999.0,Riki Store 97,Kab. Bogor,11,4.8
Baso Aci Terciduk Pedas Jeruk,15300.0,Arfaonlineshop,Tangerang,80,4.9
Keripik Singkong Kalimantan,21000.0,Fanyshop1,Jakarta Selatan,1000,4.9
Baso Aci Bapper Tulang Rangu Original Asli Bandung 220Gr,25800.0,Nyemilsaji,Kab. Bandung,80,4.9
Cemilan Keripik Tahu,36500.0,Dinayashop,Jakarta Barat,100,5.0
Lakoca Cuanki Instan Kari - Tinggal Seduh 3 Menit Langsung Siap!,16618.0,Oke Snack,Jakarta Selatan,50,4.8
Kerupuk Seblak Pedas 75 Gram Gurih,5000.0,Baroqahsnack,Jakarta Barat,250,5.0
Siomay Mini Kering 5 Kg Garut Campuran Bahan Baso Aci Dan Seblak,145000.0,Rga Frozen,Depok,26,5.0
Kerupuk Seblak/Bawang /500 Gr,13000.0,Arfaonlineshop,Tangerang,60,5.0
Seblak Instan Siap Saji,15897.0,Pempek Emak Indah,Jakarta Barat,100,4.9
Kerupuk Mentah Seblak 1Kg,20000.0,Oke Snack,Jakarta Selatan,1000,4.4
Kerupuk Seblak Rafael Mawar Putih Pedas,8355.0,Pisang Goreng Madu Bu Nanik,Jakarta Barat,500,5.0
Krupuk Seblak Stick/Snack Kiloan,12000.0,Lakoca Official Shop,Cimahi,1000,5.0
Seblak Geprek Hedon,16000.0,Pisang Goreng Madu Bu Nanik,Jakarta Barat,500,4.9
Cuanki/Cuankie Siomay Special Khas Garut Isi 50 Pcs Baso Aci & Seblak,17999.0,Pisang Goreng Madu Bu Nanik,Jakarta Barat,70,5.0
Baso Aci Instant X Seblak Instant - Halu! Emak Indah Food,44600.0,Keripikususkrisis,Kab. Gresik,25,5.0
Emping Balado 130G,13500.0,Ghery Durian Shop,Jakarta Timur,2000,5.0
Kerupuk Puli Gendar Cap Telor Walet Khas Madiun,22000.0,Tsr1997,Depok,250,4.8
Lakoca Cuanki Instan Xtra Pedas - 3 Menit Siap Santap!,16618.0,Arfaonlineshop,Tangerang,22,4.9
Kerupuk Rambak Sapi,15000.0,Delimafcb,Surabaya,23,4.9
Keripik Kentang Pedas Tridara Snack,16500.0,Grosir Besar Kalimantan,Banjarbaru,40,4.9
Kerupuk Seblak Kencur Pedas 100 Gram,5000.0,Toko Jj Cleon,Palembang,40,4.9
Seblak Uleg Ala Mamang Rafael,9000.0,Kairashop_Id,Surabaya,11,4.9
Seblak Instan,4555.0,Makanan Tradisi Id,Jakarta Pusat,23,4.9
Bubuk Cabai/Cabe Baso Aci/Boci/Seblak/Cuanki Eceran,699.0,Arfaonlineshop,Tangerang,750,5.0
Kerupuk Bawang Seblak Bintang Mentah / Kerupuk Tersanjung 100 Gram,4750.0,Pisang Goreng Madu Bu Nanik,Jakarta Barat,12,5.0
Basreng 1 Kg Seblak Daun Jeruk Purut Super Pedas Original Super Renyah,51771.0,Lemari Wanita,Jakarta Timur,9,5.0
Seblak Super Hot Isi 24 Pcs ,12165.0,Baroqahsnack,Jakarta Barat,100,4.9
Seblak Instan | Baso Aci | Cuankie Kuah Instan,5500.0,Lidigeli,Kab. Garut,50,4.8
Kerupuk Seblak Mentah/ Krupuk Seblak Viral/ Kerupuk Mawar 5Kg,124000.0,H Nugraha,Bandung,250,4.8
Kerupuk Mix 100 Gram Campuran Seblak,2999.0,Kurniarasa Baltos,Bandung,100,5.0
Kerupuk Kampung / Kerupuk Kampoeng / Kerupuk Bawang,18000.0,Ghery Durian Shop,Jakarta Timur,250,4.9
Mie Seblak Geprek Samiraos Original | Seblak Mie Instat Pedas,20000.0,Toko Kue Sumber Mas,Jakarta Timur,100,5.0
Kerupuk Jablay/ Kerupuk Seblak,12000.0,U Mart Indonesia,Jakarta Selatan,100,4.8
Seblak Kering Gurih 65Gram,10965.0,Toko Kue Pundi Mas,Jakarta Pusat,100,4.8
Krupuk Seblak Bumbu Kacang,16800.0,Cuanki Culametan,Kab. Garut,16,4.9
Kerupuk Seblak Putih Pedas 250 Gr,18000.0,Ahr Jaya Snack,Jakarta Timur,4,5.0
Seblak Instan,11500.0,Abqorycandy,Kab. Bandung,30,5.0
Kerupuk/Krupuk Seblak Rasa Pedas Terlaris Isi 250 Gram Nett,16695.0,Snackzone Pp,Jakarta Pusat,100,4.8
U Mart - Kerupuk Merah Gado Gado/Bubur Ayam 1 Kg Krupuk Orange Seblak,22500.0,Riki Store 97,Kab. Bogor,100,5.0
Kerupuk Krupuk Jablay Seblak Pelangi Kiloan Terlaris 250 Gram,18500.0,Adila_Putri_Snack,Kab.Ciamis,250,4.9
Siomay Mini Kering 1Kg Toping Seblak Baso Aci,25999.0,Aghniya,Tangerang Selatan,30,4.9
Kerupuk Pedas Jablay Pelangi 500Gr / Seblak Kering Bantat Seblak,32198.0,Toko Kue Meisya 2,Jakarta Pusat,250,4.9
Seblak Kering Kerupuk Campur Bumbu Kacang,15000.0,Toko Kue Meisya,Jakarta Pusat,50,4.9
Keripik Seblak Pedas Putih,18000.0,Gaiagarut,Kab. Garut,100,5.0
Sabring Kerupuk Seblak Pedas Gurih,3000.0,Distributor Cuanki Dan Seblak,Kab. Bekasi,500,4.9
Kerupuk Seblak Pedas 1/2 Kg / Kerupuk Seblak ½,20482.0,Aghniya,Tangerang Selatan,90,5.0
"Keripik Beling / Kaca 1 Kg. Bumbu Seblak Daun Jeruk Enak, Gurih, Pedas",44999.0,Arfaonlineshop,Tangerang,28,4.9
Kerupuk Pedas Seblak Pelangi 250 Gr,18000.0,Kedaimart Official Store,Tangerang,19,4.8
Kerupuk Seblak Jablay 250 Gram,12000.0,Keripik Kaca Store13,Kab. Bandung,750,4.9
Kerupuk Kering 250G Bahan Seblak Variasi Lengkap By Gg,5999.0,Snack Zone Official,Jakarta Selatan,10,5.0
Cipet Somay Kering Segitiga Isi 20 Pcs Toping Seblak Baso Aci Cuanki,6999.0,Baso Aci Masabi,Jakarta Selatan,100,4.8
"Seblak Kering Pedas 250 Gr/Seblak Kencur/Kerupuk Seblak,Enak Dan Gurih",9999.0,Hamood Store 7,Jakarta Pusat,80,5.0
Topping Seblak/Baso Aci Paket Mix Super Murah Khas Garut/Cuanki/Siomay,69999.0,Rztshop86,Bandung,100,4.8
Kerupuk Seblak Merah 1 Kg,25200.0,Aghniya,Tangerang Selatan,70,4.9
Seblak Beton Viral 250 Gram Kerupuk Seblak Jaat Pedas,17000.0,Bocikakang,Jakarta Selatan,50,4.8
Baso Urat Djuara Sami Raos/Baso Aci Urat /Seblak,28000.0,Rn Frozen Food,Jakarta Selatan,100,4.9
"Baso Aci Special Telor Daging, Boci, Bakso Aci, Cuanki, Seblak Instan",10000.0,Cemilan Bandungstore,Cimahi,250,5.0
Seblak Berkah Cemilan Instant Bandung Pedes Segar Batagor Siomai Enak,15000.0,Fey Snack,Depok,500,4.9
Paket Seblak Original Bandung - Baso Aci,8500.0,Bageajaya Food,Kab.Ciamis,10000,4.8
"Seblak Ceker 250 Gr Pedas Daun Jeruk, Gurih,Cemilan Bikin Nagih",9999.0,The Little Snacks,Tangerang Selatan,3000,4.9
Kerupuk Mentah Kerupuk Seblak Mentah 500 Gr,14500.0,Pusat Cuankie & Cemilan Frozen,Jakarta Timur,500,4.8
Seblak Instan,11500.0,The Dhecip,Tangerang Selatan,1000,4.9
Seblak Abah Aceng Paling Top Pedas Mantul,6000.0,Brother Meat Shop,Depok,40,5.0
Kerupuk Seblak,10000.0,Hikmah Berkah Jaya,Jakarta Barat,80,4.9
Seblak Ceker 2 Putra Kemasan Gopean (500),8800.0,Cemilan Ti Lembur,Bandung,100,4.8
Seblak Merah Pedas / Kerupuk Bawang Oleh Oleh Bandung Odjolali,9900.0,Anggris Store,Kab. Bogor,500,4.7
Seblak Instant Termurah,4450.0,Fahirastores,Kab. Bandung Barat,750,4.9
Seblak Instan Pedas Home Made,3500.0,Aghniya,Tangerang Selatan,500,4.9
"Seblak Rafael, Seblak Coet Instan Halal",25000.0,Global Cookware1,Jakarta Barat,250,4.9
Seblak Instant Sajodo Snak,19000.0,Brother Meat Shop,Depok,100,4.9
Seblak Kering Rafael Pedas Daun Jeruk / Kerupuk Seblak Mawar 250 Gram,13750.0,Duo Bocil Snack,Depok,100,5.0
Kerupuk Seblak / Seblak / Kering Pedas /,10900.0,Markas Makaroni,Kab. Bekasi,10000,5.0
Siomay Mini Kering 1Kg / Cuanki / Batagor / Seblak / Bakso Aci,29000.0,Markas Makaroni,Kab. Bekasi,3000,5.0
"Seblak Kering Pedas 250 Gr/Seblak Kencur/Kerupuk Seblak,Enak Dan Gurih",9999.0,Pusat Cuankie & Cemilan Frozen,Jakarta Timur,500,4.8
"Batagor Mini Kering 100 Pcs Toping Baso Aci, Seblak Dan Mie Instan",11000.0,The Dhecip,Tangerang Selatan,3000,5.0
"Seblak Rafael, Seblak Coet Instan Halal",25000.0,Brother Meat Shop,Depok,500,4.9
Kerupuk Seblak Rafael Pedas / Seblak Mawar Pedes - Duo Bocil Snack,16000.0,Baso Aci Ayang,Kab. Garut,100,5.0
Krupuk Seblak Mawar Rafael Pedas 250Gram,12500.0,Lidigeli,Kab. Garut,250,4.9
Krupuk Seblak Mawar Rafael Pedas 500Gr,23500.0,Riki Store 97,Kab. Bogor,40,5.0
Seblak Instant Termurah,4450.0,Duo Bocil Snack,Depok,3000,4.6
Seblak Instan Pedas Home Made,3500.0,Ajs(Ale Jaya Snack),Jakarta Utara,100,4.9
"Seblak Rafael, Seblak Coet Instan Halal",25000.0,The Dhecip,Tangerang Selatan,2,4.8
Seblak Instan Komplit Pedas Gurih Nikmat,5999.0,Markas Makaroni,Kab. Bekasi,3,5.0
Gelifood Seblak Instan Kerupuk Mawar Bumbu Kencur Rafael Pedas Gurih,19000.0,Seblak Mang Muss,Tasikmalaya,9,5.0
Seblak Pedas Kerupuk Pedas Kiloan 1 Kg,34000.0,Jajanan Hits (Js),Tangerang Selatan,750,5.0
Kerupuk Seblak Rafael Pedas / Seblak Mawar Pedes - Duo Bocil Snack,16000.0,Utama.Snack,Surabaya,10,4.3
Kerupuk Seblak Mini Kencur Jablay Bantet Pedas 500Gram Kiloan,23000.0,Bung Boe Snack,Kab. Sumedang,750,4.6
Seblak Instan Pedas Home Made,3500.0,Cuankiculametan,Kab. Garut,60,4.9
Krupuk Seblak Mawar Rafael Pedas 500Gr,23500.0,Tiga Putri77,Kab. Bandung,60,5.0
Keripik Udang Ikan Pedas On Tube Gurgur Snack,34900.0,Arfaonlineshop,Tangerang,7,4.8
Kentang Renyah Gurgur Snack,34900.0,Uus Shop 02,Surabaya,40,5.0
Kerupuk Bawang Gurgur Snack,19900.0,Eagar Wangsa,Jakarta Utara,50,5.0
Seblak Kicimpring Mang Muss - Level 3,10999.0,Tea78,Tangerang,250,4.8
Seblak Jadul Samiraos  Sambel Hedjo,18750.0,Bintang Snack & Camilan,Semarang,23,5.0
Kerupuk Seblak Pedas 200Gr - Mawar,13500.0,Kualikika,Kab. Tangerang,100,4.9
Seblak / Seblak Kering / Kerupuk Seblak Kering Pedas,15000.0,Anum Sari,Tangerang Selatan,40,4.9
Cuanki Tahu Pasung Murah Isi 10 Pcs Toping Seblak Boci Mie Bakso,5000.0,Gerai Snack Official Shop,Kab. Tangerang,30,5.0
Seblak Kerupuk Jengkol Sebring Kerupuk Jengkol Pedes Daun Jeruk500Gram,26500.0,Seblak Mang Muss,Tasikmalaya,2000,4.9
Mie Burung Dara Isi 30 Pcs Baso Aci/Boci/Seblak,26000.0,Arfaonlineshop,Tangerang,250,4.8
Kerupuk Seblak Mawar Pedas Daun Jeruk,7999.0,Supersnacksshop,Kab. Bandung,21,4.8
100Gr Kerupuk Bawang Tersanjung Bintang Bunga Krupuk Mentah Seblak,4500.0,Frozen Mart Jakarta,Jakarta Utara,100,5.0
Seblak Instant Homemade,14000.0,Panganindah,Tangerang,26,5.0
Seblak 250 Gram - 500 Gram,26900.0,Pusat Cuankie & Cemilan Frozen,Jakarta Timur,8,4.5
Seblak Basah Instant Pedas / Extra Pedas - Extra Pedas,20000.0,Gupong Abimanyu,Depok,7000,5.0
Kerupuk Seblak Rafael / Krupuk Seblak Pedas Bantet - Anum Sari - 250 Gram,16000.0,Cuanki Culametan,Kab. Garut,30,5.0
Seblak Mommy,13900.0,Lidigeli,Kab. Garut,250,4.9
Basreng Seblak Mang Muss,10999.0,Riki Store 97,Kab. Bogor,100,5.0
Cuanki/Cuankie Lidah Isi 150 Khas Garut Baso Aci/Boci/Seblak,47999.0,Allsnackbandung,Bandung,6,4.9
Krupuk / Kerupuk Mentah / Kerupuk Seblak Mentah 1Kg Poco / Puyur,21750.0,Gerai Snack Official Shop,Kab. Tangerang,100,5.0
Tens Mie Kremes Seblak / Snack Vegan / Cemilan Sehat 65Gr,11990.0,Segilapan,Jakarta Barat,100,4.9
Kerupuk Bawang Orange 250Gr / Krupuk Seblak Mentah Bawang Oren 250 Gr,9000.0,Gerai Snack Official Shop,Kab. Tangerang,80,4.7
Cuankie Lidah Topping Baso Aci / Seblak,2500.0,Tokojihan17,Kab. Tasikmalaya,40,4.3
Kerupuk Stik Seblak 200 Gram,12500.0,Gerai Snack Official Shop,Kab. Tangerang,30,5.0
Cuanki Lidah 150 Pcs Toping Seblak Baso Aci,35999.0,Snackzone Pp,Jakarta Pusat,6,5.0
Gelifood Combo 3Pcs Seblak Instan Kerupuk Mawar Kencur Pedas Rafael,44000.0,Arfaonlineshop,Tangerang,70,4.5
Kerupuk Seblak Pedas Kemasan 250 Gram,15000.0,Masazies19,Kab. Madiun,50,4.7
Kerupuk Seblak Bumbu Kacang,11000.0,Aghniya,Tangerang Selatan,750,4.5
Mie Seblak Geprek Sami Raos Khas Garut Seblak Instant Kekinian 160Gr,19700.0,Kylafood,Bandung,22,4.9
Seblak Nene Instan - Pedas Gurih Mantap,15000.0,Althafun,Kab. Mojokerto,30,5.0
Soun Seblak Geprek Sami Raos Khas Garut,19700.0,Kedai Sayur Ku,Tangerang Selatan,40,4.8
Krupuk Seblak - Original,13500.0,Hokishopsurabaya,Surabaya,80,4.7
Seblak Basah Instan Good Friend (90Gr),17700.0,Aneka Sayuran Segar,Jakarta Utara,26,5.0
Kerupuk Seblak Pedas Mini,18000.0,Ajs(Ale Jaya Snack),Jakarta Utara,28,4.8
Cuanki/Cuanki Lidah Standard Non Tahu Isi 150 Pcs Baso Aci/Seblak,46500.0,Nion.Nion_Official,Tangerang Selatan,100,4.9
Seblak Ceker Sotong Sosreng Fortuna Piksus Ikan Kerapu Gurih Pedas,8500.0,Bosofficial,Kab. Garut,22,5.0
"Pilus Kencur 3 Kg K'Rasa Enak Dan Renyah Baso Aci, Seblak, Cemilan Dll",89999.0,Bintang Snack & Camilan,Semarang,3000,5.0
"Kylafood Paket ( Seblak Original, Batagor, Cireng Rujak, Boci Goang)",86130.0,Berkat Snack Store,Jakarta Barat,100,4.7
Kerupuk Seblak Bantet Super Pedas Daun Jeruk,8950.0,Bintang Snack & Camilan,Semarang,5,5.0
Kerupuk Rafael/Kerupuk Seblak Viral/Kerupuk Mawar 1Kg,35000.0,Bugar Store.,Kab. Garut,500,5.0
✔Murah Kerupuk Mentah Serba 6000 Berat 250Gr / Krupuk Seblak,6499.0,Shofia Snack Bekasi,Kab. Bekasi,100,4.8
Kerupuk Oren - Kerupuk Seblak Mentah - 500Gram - Aneka Sayuran Segar,10000.0,Seblak Guludug Bandung,Kab. Bandung,100,4.3
Kerupuk Seblak Rafael Pedas Daun Jeruk 250Gram Snack Kiloan,15000.0,Pasar Keripik Bandung,Bandung,100,5.0
"Kerupuk Seblak Pedas 100 Gram, Kerupuk Seblak Daun Jeruk Gurih Renyah - Original Brebes",22688.0,Medina Snack Grosir,Kab. Sukabumi,100,4.0
"Kerupuk Seblak Pedas Dan Gurih Daun Jeruk - Original, 1 Kg",50000.0,Toko Kue Pundi Mas,Jakarta Pusat,24,4.8
Kerupuk Seblak Pedas 1 Kg,26500.0,Afif Jaya Cemilan,Surabaya,40,5.0
Kerupuk Seblak Mang Rafael / Kerupuk Seblak Mawar,15300.0,Nyonya Sayur,Jakarta Pusat,50,4.8
Kerupuk Seblak Mawar / Seblak Rafael / Seblak Viral 500 Gr - 250 Gr,18500.0,Gudangsnacktgr19,Kab. Tangerang,40,5.0
Seblak Mercon Pedas Galak,3500.0,Madinah Oleh Oleh Bdg,Bandung,90,4.9
Kerupuk Seblak Keriting/Seblak Bulat/Kerupuk Keriting Pedas,15000.0,Pempek Emak Indah,Jakarta Barat,2,4.8
Seblak Beton Gurih Gurih Enyoy 250 Gram,15700.0,Nyaimerconjkt,Jakarta Selatan,14,5.0
Pasar Keripik Cimol Seblak Pedas Size Kecil 130G,12500.0,Mama Fuji Official,Tangerang,6,5.0
Seblak Ceker Cap Dua Putra,8000.0,Aisyah Ayesha,Jakarta Selatan,22,4.9
Kerupuk Pedas Sebring Seblak Keriting Extra Pedas Kencur Isi 150 Gram,30000.0,Atwshop,Jakarta Selatan,14,5.0
Kerupuk Seblak Pedas Daun Jeruk,9900.0,Riki Store 97,Kab. Bogor,8,5.0
Kerupuk Merah/Kerupuk Seblak Mentah,10000.0,Camillans,Jakarta Selatan,60,4.9
Paket Bundling Hemat 12  (6 Pcs Seblak 6Pcs Baso Aci ) Makanan Instan ,44999.0,Ahr Jaya Snack,Jakarta Timur,100,4.9
Kerupuk Seblak Kering Bantat Rafael Pedes Daun Jeruk 250 Gram ,19000.0,Tukangsayurmbakyu,Tangerang Selatan,6,4.4
Combo Halu! 2Pc Seblak Mie Halu - Emak Indah Food,39600.0,Snackbox88,Bekasi,250,5.0
Seblak Nyai Mercon,21000.0,Tsr1997,Depok,250,4.9
Mamafuji - Promo Bundling !!! Seblak & Bakso Aci,41999.0,Kriuk Jaya,Jakarta Barat,100,5.0
Seblak Kuah Mamang Rafael Instant Pedas Sunda,35000.0,Gaiagarut,Kab. Garut,500,4.9
Kerupuk Seblak Pedas 1 Bungkus,10900.0,Aghniya,Tangerang Selatan,25,4.9
Kerupuk Seblak 500 Gram Pedas Gurih,23000.0,Distributor-Jaya,Tangerang,6,4.8
Kerupuk Seblak Pedas / Kerupuk Jablay,15000.0,Gaiagarut,Kab. Garut,40,4.9
Kerupuk Kriwil Pedas 1Kg / Krupuk Sembring Seblak Keriting,67848.0,Oyun Kriukzz,Jakarta Barat,6,5.0
Paket Seblak Sosis Untuk 3 Porsi,29000.0,Toko Yazid Cita Rasa,Bandung,26,4.8
Boci Baso Aci Maci Ayam Mercon Tulang Rangu Xtra Pedas | Seblak Baso A,8299.0,Cuanki_Bandung,Kab. Bandung,1000,5.0
Sebring Seblak Kering,4444.0,Arfaonlineshop,Tangerang,100,4.8
Kerupuk Seblak Aneka Warna Pedas ... Hot ( 1 Kg ),65000.0,Pempek Emak Indah,Jakarta Barat,70,4.9
"Toping Seblak Baso Aci Paket Mix 150Pcs Cuanki Lidah, Siomay Dan Baso",39950.0,The Little Snacks,Tangerang Selatan,7,4.8
"Pilus Cikur/Kencur Renceng Isi 20 Bks. Baso Aci, Seblak, Cemilan Dll",9999.0,Shofia Snack Bekasi,Kab. Bekasi,500,4.9
Kerupuk Bawang Warna Putih Dan Orange 500Gram Seblak Nasi Uduk Dll,13250.0,Hana Snack1,Surabaya,5,5.0
"Toping Seblak Baso Aci Paket Mix 100Pcs Cuanki Lidah, Siomay Dan Baso",29760.0,Ivy'S-Kitchen,Kab. Tangerang,1000,4.9
Kerupuk Seblak Kering 1Kg By Oyun Kriukzz,47900.0,The Little Snacks,Tangerang Selatan,3000,4.8
Seblak Beton Cikruh 250Grm,17000.0,Raffa_Snack21,Kab. Garut,10000,4.9
Kerupuk Seblak Mentah 200Gr - Krupuk Oren Matahari Pagi Mp - Kemplang,4000.0,Kylafood,Bandung,3000,4.8
Baso Aci/Boci/Seblak Cuanki Lidah Khas Garut Murah Isi 100 Pcs,41999.0,Kerupuk Rempah,Bandung,500,4.9
Combo Halu! 3Pc Seblak Mie Halu - Emak Indah Food,59400.0,Kylafood,Bandung,1000,5.0
Seblak Putih Pedas / Kerupuk Bawang Pedas Odjolali Oleh Oleh Bsndung,9900.0,Pusat Cuankie & Cemilan Frozen,Jakarta Timur,40,4.9
Kerupuk Seblak Kencur Pedas,15000.0,The Dhecip,Tangerang Selatan,80,4.8
250Gr Krupuk Seblak Mentah Murahtersanjung Keong Makaroni Udan,5100.0,Brother Meat Shop,Depok,100,4.7
Kerupuk Seblak Bantet 50Gram,1960.0,Hikmah Berkah Jaya,Jakarta Barat,500,4.9
Seblak Merah Pedas / Kerupuk Bawang Oleh Oleh Bandung Odjolali,9900.0,Cemilan Ti Lembur,Bandung,750,4.9
Seblak Kerupuk Bantet Pedas 250Gram - Kerupuk Bantet Seblak Pedas,16000.0,Anggris Store,Kab. Bogor,500,4.9
Paket Batagor-Mie Kocok K.Y.L Kylafood,51060.0,Fahirastores,Kab. Bandung Barat,250,4.9
Kerupuk Seblak Rempah Cikur,15000.0,Aghniya,Tangerang Selatan,100,5.0
Kylafood Paket (3 Seblak Original 2 Batagor Kuah) ,105705.0,Global Cookware1,Jakarta Barat,100,5.0
Seblak Instant Termurah,4450.0,Brother Meat Shop,Depok,10000,4.7
Seblak Instan Pedas Home Made,3500.0,Duo Bocil Snack,Depok,3000,4.9
Seblak Instant Sajodo Snak,19000.0,Markas Makaroni,Kab. Bekasi,3000,5.0
Seblak Kering Rafael Pedas Daun Jeruk / Kerupuk Seblak Mawar 250 Gram,13750.0,Pusat Cuankie & Cemilan Frozen,Jakarta Timur,500,5.0
Kerupuk Seblak / Seblak / Kering Pedas /,10900.0,The Dhecip,Tangerang Selatan,100,5.0
Siomay Mini Kering 1Kg / Cuanki / Batagor / Seblak / Bakso Aci,29000.0,Brother Meat Shop,Depok,250,4.9
"Seblak Kering Pedas 250 Gr/Seblak Kencur/Kerupuk Seblak,Enak Dan Gurih",9999.0,Baso Aci Ayang,Kab. Garut,40,4.8
"Batagor Mini Kering 100 Pcs Toping Baso Aci, Seblak Dan Mie Instan",11000.0,Lidigeli,Kab. Garut,3000,4.9
Kerupuk Seblak Rafael Pedas / Seblak Mawar Pedes - Duo Bocil Snack,16000.0,Duo Bocil Snack,Depok,7,5.0
Krupuk Seblak Mawar Rafael Pedas 250Gram,12500.0,Ajs(Ale Jaya Snack),Jakarta Utara,100,4.8
Krupuk Seblak Mawar Rafael Pedas 500Gr,23500.0,The Dhecip,Tangerang Selatan,500,4.8
Seblak Instant Termurah,4450.0,Markas Makaroni,Kab. Bekasi,80,4.8
Seblak Instan Pedas Home Made,3500.0,Sajodo Snack & Food,Tasikmalaya,100,5.0
"Seblak Rafael, Seblak Coet Instan Halal",25000.0,Foodstocks,Jakarta Selatan,5,4.9
Seblak Instan Komplit Pedas Gurih Nikmat,5999.0,Bocikakang,Jakarta Selatan,500,4.8
Gelifood Seblak Instan Kerupuk Mawar Bumbu Kencur Rafael Pedas Gurih,19000.0,Sajodo Snack & Food,Tasikmalaya,7,5.0
Seblak Pedas Kerupuk Pedas Kiloan 1 Kg,34000.0,Bocikakang,Jakarta Selatan,250,4.9
Kerupuk Seblak Rafael Pedas / Seblak Mawar Pedes - Duo Bocil Snack,16000.0,Raja Snacks Bandung,Kab. Sumedang,70,5.0
Kerupuk Seblak Mini Kencur Jablay Bantet Pedas 500Gram Kiloan,23000.0,Official Kartika Sari,Bandung,250,4.9
Seblak Instan Pedas Home Made,3500.0,Ahr Jaya Snack,Jakarta Timur,3000,4.7
Krupuk Seblak Mawar Rafael Pedas 500Gr,23500.0,Cuankiculametan,Kab. Garut,22,4.9
"Paket Bundling 4 ( 1 Seblak Instant, 1 Keju Aroma Sajodo)",43000.0,Mama Fuji Official,Tangerang,100,4.9
Mie Seblak Geprek Sami Raos Khas Garut Seblak Instant Kekinian 160Gr,18900.0,Tokopediautsmanbinaffan,Bogor,250,4.9
Kerupuk Seblak Pedas Daun Jeruk 100 Gr,4500.0,Jajanangarut19,Jakarta Selatan,18,4.9
3 Seblak Free Baso Aci,90000.0,Kylafood,Bandung,12,5.0
Kerupuk Mentah Kerupuk Seblak Mentah 500 Gr - Keong Warna,14500.0,Altruis Food,Jakarta Selatan,80,5.0
500Gr Seblak Beton/Seblak Kerupuk Jaat,28861.0,Dapur Seblak Madit,Medan,1000,4.6
Seblak Koin,17500.0,Baso Aci Masabi,Jakarta Selatan,16,4.0
Kerupuk Pedas Jablay Pelangi 1Kg / Seblak Kering Kerupuk Bantat Seblak,62098.0,Cemilan Malang,Malang,500,4.8
Cuanki Lidah 50 Pcs Enak Toping Seblak Baso Aci,12999.0,Arfaonlineshop,Tangerang,500,4.8
Mamafuji - Seblak Instan Viral (Duta Seblak Approved),23999.0,Supersnacksshop,Kab. Bandung,90,4.7
Seblak Instan/Seblaku/Sambal Matah/Seblak Soto/Seblak Baso/Seblak Ori,7500.0,Toko Snack Jakarta Hendi,Jakarta Selatan,100,4.9
"Kerupuk Seblak Mentah Aneka Warna - Matahari, 500 Gram",11500.0,Siskaarinang2,Bandung,100,4.8
Kylafood Paket (3 Seblak Original 2 Batagor Kuah) ,105705.0,Seblakyoi,Bekasi,500,4.9
Vegan Seblak Sauce Nett 250Gr,75000.0,Yohangunawan94,Bandung,80,4.9
"Seblak Instan Madit - Original, 250Gr",14000.0,Toko Kue Sumber Mas,Jakarta Timur,100,4.9
Seblak Instan Masabi,8000.0,Supersnacksshop,Kab. Bandung,50,4.9
Seblak Seafood Instan,7500.0,Tam Snack,Depok,13,5.0
Cuanki Lidah Khas Garut 1 Bal Isi 500 Pcs Campuran Baso Aci Dan Seblak,210000.0,Kylafood,Bandung,24,4.9
Krupuk / Kerupuk Mentah / Kerupuk Seblak Mentah 1Kg Bawang,21750.0,Pasar Keripik Bandung,Bandung,27,5.0
Kerupuk / Krupuk Seblak Rafael Renyah / Gurih / Crispy / Krispy ,3300.0,Cuanki Culametan,Kab. Garut,25,4.9
^; Seblak Rafael Asli Original | Seblak Coet Mamang Rafael,28000.0,Agus Cmyk,Kab. Bogor,50,5.0
Seblak Instan Yoi Enak Dan Kenyang,7500.0,Mom Collection',Bekasi,100,4.6
Kerupuk Rantai 250Gr Seblak Warna Warni,6000.0,Aghniya,Tangerang Selatan,250,5.0
Kerupuk / Krupuk Seblak Rasa Pedas / Terlaris / Kiloan 1 Kg,60102.0,Arlano,Surakarta,100,4.8
Krupuk / Kerupuk Mentah / Kerupuk Seblak Mentah Ikan Merah 200 Gr,5750.0,Arfaonlineshop,Tangerang,1000,4.8
Kerupuk Seblak Pedas Gurih Kencur 250 Gram - Tam Snack,14000.0,Snackzone Pp,Jakarta Pusat,100,5.0
"Paket Happy (Seblak Original, Batagor Kuah, Bacil)",64815.0,Muezzasnack,Kab. Cirebon,90,5.0
Pasar Keripik Kerupuk Seblak Mawar Mini Pedas Size Kecil,12500.0,28 Store Jogja,Kab. Bantul,500,4.7
Siomay Mini Kering 1Kg Toping Seblak Baso Aci,25999.0,Distributor Cuanki Dan Seblak,Kab. Bekasi,2,5.0
Spanduk / Banner Warung Seblak - Seblak 1,65000.0,Toko Kue Meisya,Jakarta Pusat,10,4.8
Sj Seblak Instan Kemasan Teh Nina Best,21000.0,Supersnacksshop,Kab. Bandung,7,4.8
"Seblak Ceker 1 Kg Pedas Daun Jeruk, Gurih,Cemilan Bikin Nagih",35999.0,The Little Snacks,Tangerang Selatan,250,5.0
Kerupuk Seblak Kencur Pedas Buat Camilan Cemilan Atau Lauk,15000.0,Cikemam,Cimahi,6,4.8
Cuankie/Cuanki Lidah Isi 150 Pcs Khas Garut Baso Aci /Boci Seblak,46999.0,Kylafood Jakarta,Jakarta Selatan,50,5.0
Kerupuk Seblak Pedas / Kerupuk Seblak Merah,18000.0,Cuanki Culametan,Kab. Garut,750,4.9
1 Kg Kerupuk / Krupuk Seblak Kencur Kiloan Termurah Makanan Ringan,38000.0,Innes Oleh Oleh,Jakarta Barat,750,4.9
Seblak Instant,4788.0,Hamood Store 7,Jakarta Pusat,30,4.9
Cuanki Tahu Pasung Kering Toping Seblak Baso Aci Bakso Cuanki 150 Pcs,34000.0,Cemilan Bandungstore,Cimahi,100,5.0
Kerupuk Krupuk Seblak Pedas 250 Gr,18000.0,Jajanangarut19,Jakarta Selatan,90,4.9
Krupuk / Kerupuk Mentah / Kerupuk Seblak Mentah 200Gr Slondok,5750.0,Arsensnack,Kab. Bekasi,14,4.8
Seblak Putih Pedas / Kerupuk Bawang Pedas Odjolali Oleh Oleh Bsndung,9900.0,Anto Frozen Food,Tangerang,6,4.9
Cikemam - Paket B ( Rabokki Toppoki Baso Aci Cingrea Seblak ),58000.0,Official Kartika Sari,Bandung,11,4.9
Seblak Rempah Autentik Isi 5 Pcs,68000.0,Bocikakang,Jakarta Selatan,100,4.9
Cuanki Tahu Kering Seblak Isi 50 Pcs Toping Seblak Baso Aci,12500.0,Camilankotamalang,Malang,18,5.0
Kerupuk Seblak Pedas Daun Jeruk / Krupuk Seblak Kering / Seblak Pedes,25000.0,Distributor Cuanki Dan Seblak,Kab. Bekasi,250,5.0
(Min10 Paket Jualan) Seblak Berkah Cemilan Instant Bandung Siomai,14000.0,Cikemam,Cimahi,100,5.0
Paket Hemat 4 Seblak Aceng 4 Cuanki Instan Dan 4 Baso Aci,62000.0,Arsensnack,Kab. Bekasi,1,5.0
Kerupuk Seblak Mentah Aneka Warna,11500.0,Ebay Store,Kab. Tangerang,7,4.5
Kerupuk Seblak Bantet Kering 1Kg (Matang),46000.0,Manisafitri,Kab. Pekalongan,250,5.0
Seblak,12000.0,Fiorenza Snack,Jakarta Timur,70,4.8
Seblak Instan Sehati,13000.0,Arfaonlineshop,Tangerang,23,4.9
Seblak Kering Pedas Daun Jeruk,4500.0,Seblak Putra Bandung,Kab. Bandung,25,4.8
Kerupuk Seblak Jeruk Purut Pedas - Jajanan Micin 100G,5350.0,Global Cookware1,Jakarta Barat,750,4.9
Cuanki Tahu Gepeng Geprek Isi 20 Pcs Toping Seblak Baso Aci Baso,8500.0,Richyy_Mart,Jakarta Barat,11,5.0
Cikemam- Seblak Seuhah Bandung Pedas Halal,14900.0,Toko Cemilan Rafiqi,Jakarta Barat,100,4.8
Kerupuk Seblak Bantet/Sebring Setengah Kg,24500.0,Bocikakang,Jakarta Selatan,18,5.0
Naagih! Paket Mix 12 Pack : 4 Seblak 4 Cuanki 4 Boci Instant Reseller!,85000.0,Kailaaini_Collection,Kab. Bandung,250,4.8
Krupuk Keriting Mawar Mentah 250Gr / Krupuk Seblak Rafael,7400.0,Dapur Sehat21,Kab. Bandung,40,4.9
Makaroni Tabur & Seblak Makaroni Sikaya-Netto 40 Gram,5000.0,Toserda,Bandung,500,4.8
Cuanki/Cuankie Lidah 150 Pcs Khas Garut Topping Boci/Baso Aci/Seblak,46999.0,Oke Snack,Jakarta Selatan,29,4.9
Seblak Basreng Pedas Original Exstra Daun Jeruk 500Gram,25000.0,Riki Store 97,Kab. Bogor,15,5.0
"Siomay Mini 1 Ball Isi 5 Kilo Toping Baso Aci, Seblak",179000.0,Larissa Snack Store,Semarang,6,4.9
"Terbaru Mix 4 Baso Aci, 4 Seblak, 4 Cuanki Instan Abah Aceng",57000.0,Kemplang Ango,Kab. Bekasi,30,4.8
Krupuk Seblak Keriting,12000.0,Cuanki Culametan,Kab. Garut,70,4.9
Kerupuk Bawang Aneka Warna Krupuk Seblak Mentah Warna Warni,14500.0,Nomel Shop,Surabaya,18,4.8
Sebring Campur/ Seblak Kering Bumbu Kacang/ Varian Pedas-Original,20000.0,Aghniya,Tangerang Selatan,2,4.9
Sebring 250 Gram / Kerupuk Seblak Mawar,14000.0,Aufaro Snack,Kab. Bandung Barat,100,5.0
Basranger Seblak Extra Pedas Instan Praktis Murah Halal Cemilan,21000.0,Pempek Emak Indah,Jakarta Barat,70,4.9
Seblak Kencur / Okesnack,10000.0,Pempek Emak Indah,Jakarta Barat,10000,4.8
Pangsit Seblak Bumbu Basah,8500.0,Keripik Edun Bandung,Kab. Bandung,3000,4.7
Camilan Seblak Pedas 250Gr Jajanan Oleh-Oleh Snack Kiloan Camilan Kilo,12900.0,Laatazal-Surabaya,Surabaya,500,4.9
Makaroni Seblak Basreng Keripik Kaca Capsule Pedas Kelanting Kurma,20000.0,Happy Family Cooking,Kab. Bogor,1000,4.9
Siomay Mini Kering 250 Gram Toping Seblak Baso Aci,7999.0,Enjishop432,Kab. Bandung,40,4.9
Seblak Cobek Seblak Rafael Seblak Ala Rafael_1616 Seblak Sambel Kencur,8782.0,Ujik Snack Store,Malang,80,4.9
Cuanki Lidah Khas Garut 50 Pcs Enak Untuk Baso Aci Dan Seblak ( Bry ),15999.0,Cuanki Culametan,Kab. Garut,100,5.0
Seblak Mawar Kerupuk Kriwul Pedas 500 Gr,30000.0,Kylafood,Bandung,500,4.9
Paket Komplit! Rabokki Ramyeon Tteokboki Seblak Bakso Aci Choigo! Halu,108999.0,Pusat Cuankie & Cemilan Frozen,Jakarta Timur,750,5.0
Combo Halu! 5Pc Seblak Mie Halu - Emak Indah Food,99000.0,The Dhecip,Tangerang Selatan,500,4.8
Kerupuk Seblak Kering Putih Ngembang Khas Keripik Pojok Riki Mang Odod,13999.0,Brother Meat Shop,Depok,250,4.8
Seblak Instan Seblak Komplit Murah Seblak Garut,13000.0,Hikmah Berkah Jaya,Jakarta Barat,100,5.0
Bumbu Basah Seblak Koki Jempol 300Gr,19100.0,Cemilan Ti Lembur,Bandung,100,4.9
((Kuy)(Order)) Kerupuk Seblak Pedas Kering / Kerupuk Seblak Rasa Daun,22000.0,Anggris Store,Kab. Bogor,10000,5.0
Seblak Kering Kencur 150G Ujik Snack,8000.0,Fahirastores,Kab. Bandung Barat,3000,4.8
Cuanki Pangsit Segitiga Atau Cipet Isi 40 Pcs Toping Seblak Baso Aci,13999.0,Aghniya,Tangerang Selatan,500,4.8
Kylafood Seblak Rempah Autentik Isi (10Pcs),122550.0,Global Cookware1,Jakarta Barat,3000,4.8
Seblak Instant Termurah,4450.0,Brother Meat Shop,Depok,500,4.8
Seblak Instan Pedas Home Made,3500.0,Duo Bocil Snack,Depok,100,5.0
"Seblak Rafael, Seblak Coet Instan Halal",25000.0,Markas Makaroni,Kab. Bekasi,250,4.7
Seblak Instant Sajodo Snak,19000.0,Markas Makaroni,Kab. Bekasi,40,5.0
Seblak Kering Rafael Pedas Daun Jeruk / Kerupuk Seblak Mawar 250 Gram,13750.0,Pusat Cuankie & Cemilan Frozen,Jakarta Timur,3000,4.8
Kerupuk Seblak / Seblak / Kering Pedas /,10900.0,The Dhecip,Tangerang Selatan,100,4.9
Siomay Mini Kering 1Kg / Cuanki / Batagor / Seblak / Bakso Aci,29000.0,Brother Meat Shop,Depok,1,4.9
"Seblak Kering Pedas 250 Gr/Seblak Kencur/Kerupuk Seblak,Enak Dan Gurih",9999.0,Baso Aci Ayang,Kab. Garut,5,4.5
"Batagor Mini Kering 100 Pcs Toping Baso Aci, Seblak Dan Mie Instan",11000.0,Lidigeli,Kab. Garut,3000,4.5
"Seblak Rafael, Seblak Coet Instan Halal",25000.0,Riki Store 97,Kab. Bogor,7,4.8
Kerupuk Seblak Rafael Pedas / Seblak Mawar Pedes - Duo Bocil Snack,16000.0,Duo Bocil Snack,Depok,40,5.0
Krupuk Seblak Mawar Rafael Pedas 250Gram,12500.0,Ajs(Ale Jaya Snack),Jakarta Utara,500,4.8
Krupuk Seblak Mawar Rafael Pedas 500Gr,23500.0,The Dhecip,Tangerang Selatan,100,4.9
Seblak Instant Termurah,4450.0,Markas Makaroni,Kab. Bekasi,750,5.0
Seblak Instan Pedas Home Made,3500.0,Rak Sebelah,Jakarta Pusat,6,4.9
"Seblak Rafael, Seblak Coet Instan Halal",25000.0,Muysproduct,Kab. Bogor,3000,4.7
Seblak Instan Komplit Pedas Gurih Nikmat,5999.0,Muysproduct,Kab. Bogor,10000,5.0
Gelifood Seblak Instan Kerupuk Mawar Bumbu Kencur Rafael Pedas Gurih,19000.0,Cuanki Culametan,Kab. Garut,100,4.6
Seblak Pedas Kerupuk Pedas Kiloan 1 Kg,34000.0,Gemlov Official,Cimahi,70,5.0
Kerupuk Seblak Rafael Pedas / Seblak Mawar Pedes - Duo Bocil Snack,16000.0,Pempek Emak Indah,Jakarta Barat,30,4.9
Kerupuk Seblak Mini Kencur Jablay Bantet Pedas 500Gram Kiloan,23000.0,Nomel Shop,Surabaya,100,5.0
Seblak Instan Pedas Home Made,3500.0,Baso Aci Masabi,Jakarta Selatan,26,4.9
Krupuk Seblak Mawar Rafael Pedas 500Gr,23500.0,Utama.Snack,Surabaya,750,5.0
Bundle 5Pcs - Seblak Basranger Extra Pedas 200Gr Makanan Instan Ready,83500.0,Bara Snack Kediri 1,Kediri,100,4.5
Seblak Instan Mie Original Om Brewok,14000.0,Cuanki Culametan,Kab. Garut,750,5.0
Seblak Instan Mie Toppoki Om Brewok,16000.0,Gerai Snack Official Shop,Kab. Tangerang,15,5.0
Baso Aci Instan Culametan Khas Garut (Isi 12),6499.0,Cuanki Culametan,Kab. Garut,13,4.8
Cuanki Instan Bandung Kuah Pedas Bulefood,14999.0,Cuankiculametan,Kab. Garut,250,4.7
Combo Halu! 2Pc Bakso Aci Instant + 2Pc Seblak - Emak Indah Food,89200.0,Cuanki Culametan,Kab. Garut,28,4.8
Makaroni Bantet 70Gr Krupuk Seblak Krupuk Udang Kerupuk Bantet,2600.0,Amana Snack,Tangerang Selatan,250,5.0
"Baso Aci Keju, Boci, Bakso Aci, Cuanki, Seblak Instan",10000.0,Kakai_Store10,Kab. Bantul,100,4.7
Kerupuk Seblak Pedas 200Gr,13500.0,Nyemilsaji,Kab. Bandung,500,4.9
[ 500Gr ] Kerupuk Seblak Bantet / Seblak Kencur Pedas Daun Jeruk -B,19950.0,Supersnacksshop,Kab. Bandung,80,5.0
Baso Aci Instan Culametan Khas Garut ( Isi 6 ),4500.0,Seblak Mang Muss,Tasikmalaya,2000,4.7
Maicih Basreng,16900.0,Bumbukeluargakita,Jakarta Barat,100,4.9
Cuanki Tahu Gepeng Isi 100 Pcs Toping Seblak Bsso Aci,39999.0,Pusat Cuankie & Cemilan Frozen,Jakarta Timur,30,5.0
Cuanki Tahu Geprek Isi 50 Murah Toping Seblak Baso Aci,19000.0,Sembakocitra,Tangerang,100,5.0
Cuanki Tahu Panjang Isi 150 Pcs | Toping Seblak Baso Aci,34999.0,Hosana Snack,Bogor,50,5.0
Cipak Koceak Cirambay Cireng Seblak Basreng Bojot Khas Tasik Camilan,10000.0,Cuankiculametan,Kab. Garut,30,5.0
Seblak Instan Murah Enak Lengkap,8000.0,Snack Jakarta 411,Jakarta Barat,500,5.0
Cemilan Box Makaroni Spiral Gelung Kerupuk Seblak Stick Pangsit,35789.0,Cuankiculametan,Kab. Garut,10,4.8
Krupuk / Kerupuk Mentah / Kerupuk Seblak Mentah 200Gr Mawar Warna,5750.0,The Little Snacks,Tangerang Selatan,90,4.2
Seblak Instan Mang Muss,13999.0,Cuankiculametan,Kab. Garut,23,5.0
Cancimen Seblak Ramen 90 Gram,15700.0,Sajodo Snack & Food,Tasikmalaya,14,4.8
Kerupuk Seblak Viral /Kerupuk Mawar Mentah 500Gram,15000.0,Toko Nrv Plastik Dan Bahan Kue,Bandung,1000,4.7
Pilus Cikur Topping Baso Aci / Seblak,11500.0,Toko Kue Meisya 2,Jakarta Pusat,70,5.0
Kerupuk Seblak/Ikan/Sari Udang/Merah - Mentah,25000.0,Joe Kudapan,Tangerang,1000,4.9
Kerupuk Seblak Mawar / Kribo Pedas 200 Gram,10000.0,Aghniya,Tangerang Selatan,22,4.9
Cuanki Lidah Murah Kiloan Isi 150 Toping Seblak Baso Aci,33999.0,Gudsnackers,Jakarta Utara,750,4.4
Kerupuk Seblak,8000.0,Lidigeli,Kab. Garut,100,5.0
Cuanki Siomay Mini Gurilem 1 Ons Toping Seblak Baso Aci,3000.0,Rahmatika Freshmart,Tangerang Selatan,25,4.8
Gurilem Sangarrr,13000.0,Alfarizy Kuliner,Cimahi,100,4.9
Cuanki Lidah Aci 10 Pcs Murah Toping Seblak Baso Aci,3500.0,Aghniya,Tangerang Selatan,100,5.0
Beli 3 Seblak Free 1 Keju Aroma,90000.0,Kerupuk Rempah,Bandung,7,5.0
Kerupuk Aci Mawar | Kerupuk Mawar Putih | Seblak Rafael Viral | 250Gr,7999.0,Cuankiculametan,Kab. Garut,10,5.0
Kerupuk Pedas Seblak 250 Gr,18000.0,The Little Snacks,Tangerang Selatan,19,4.7
Seblak Batagor Kamala Frozen,20000.0,Cuankiculametan,Kab. Garut,30,4.7
Cuanki Lidah Standar 150 Pcs Khas Garut Untuk Baso Aci & Seblak K'Rasa,39999.0,The Little Snacks,Tangerang Selatan,13,4.9
Snack Cemilan Kerupuk Stick Seblak Pedas Gurih,9000.0,Cuankiculametan,Kab. Garut,80,5.0
Gelichips Seblak Kering Sebring Camilan Kerupuk Pedas Daun Jeruk 65 Gr,15000.0,Snackzone Kk,Jakarta Selatan,40,4.7
Seblak Instant Carla 100 Gr,13000.0,Distributor Cuanki Dan Seblak,Kab. Bekasi,27,5.0
Cik Emam Seblak Seuhah Pedas,14200.0,Afcbandung,Bandung,80,5.0
Cuanki Lidah Untuk Baso Aci Dan Seblak,15999.0,Ikan Segar Cak Adnan,Jakarta Selatan,80,5.0
Kerupuk Seblak Rempah Cikur,15000.0,Seblak Guludug Bandung,Kab. Bandung,40,4.9
Cuanki Pangsit Kering Segitiga Cipet Isi 100 Toping Seblak Baso Aci,32500.0,Anik Olshop354,Kab. Sidoarjo,500,5.0
Gurilem Sangarrr,13000.0,Tukangsayurjkt,Jakarta Selatan,50,5.0
Cuanki Tahu Geprek Kering Isi 100 Toping Seblak Baso Aci,37999.0,Super Seblak,Kab. Malang,2000,4.8
Basreng Sangarrr,19900.0,Supersnacksshop,Kab. Bandung,60,4.8
Siomay Mini Kering 1Kg / Gurilem Toping Seblak Baso Aci Cuanki,25500.0,Supersnacksshop,Kab. Bandung,13,5.0
Kerupuk Seblak Putih,18000.0,Miniapsnack,Tangerang Selatan,750,4.8
Cuanki Tahu Pasung Kering Toping Seblak Baso Aci Bakso Cuanki 50 Pcs,15000.0,Siaga Lapak,Malang,3,5.0
Batagor Mini Untuk Seblak Krupuk Batagor Kering Mini,14900.0,Farzha Snack Store,Semarang,6,4.8
Kerupuk Seblak/Nasgor Mentah 250Gr,10000.0,Celikafood,Bandung,10,4.9
Kerupuk Jengkol Dan Seblak Beton (Satu Paket) Rasa Pedas Kemasan 250 G,15500.0,Kylafood,Bandung,500,5.0
Krupuk Seblak Pedas,18000.0,Kylafood,Bandung,100,4.8
Kerupuk Bawang Mentah/Kerupuk Seblak/Kerupuk Warna Warni 1Kg,37000.0,Baso Aci Distributor Asli Garut,Kab. Garut,250,5.0
Super Seblak Cuanki - Level Cukupan,19999.0,Kickball Official,Bandung,8,4.8
Krupuk / Kerupuk Mentah / Kerupuk Seblak Mentah 1Kg Bawang Merah,21750.0,Temen Makan 2020,Kab. Tangerang,250,4.9
Krupuk / Kerupuk Mentah / Kerupuk Seblak Mentah 1Kg Gendar,21750.0,Gaiagarut,Kab. Garut,70,4.8
Aneka Kerupuk Seblak Pedes Gurih,9000.0,Azzam 99,Kab. Purwakarta,7,4.9
Kerupuk Seblak Kencur Pedas 50Gr Anaba,2881.0,Ikan Laut Segar Cak Alfath,Jakarta Selatan,1,5.0
Camilan Seblak Pedas 250Gr Snack Kiloan Jajan Oleh-Oleh Cemilan Kiloan,12900.0,Snackzone Kk,Jakarta Selatan,50,4.9
Kerupuk Keong Warna Warni 250Gr Krupuk Seblak Mentah,6000.0,Mafa Jaya,Kab. Bandung,50,4.8
Kylafood Seblak Tulang Rawan Play,24225.0,Seblak Putra Bandung,Kab. Bandung,250,4.9
Kylafood Mix Pentol Kuah Dan Seblak Original,46000.0,Mafa Jaya,Kab. Bandung,100,4.8
Seblak Mercon Hot Dower Termurah,3400.0,Rn Frozen Food,Jakarta Selatan,3000,4.9
Seblak Basah Instan Komplit 200Gr,12000.0,Yimshop,Semarang,70,5.0
Kerupuk Seblak 200Gr Krupuk Seblak Kering Daun Jeruk Sebring Cikruh,5499.0,Jessicaquinn,Bandung,500,4.9
"Siomay Cuanki Kering Isi 150Pcs Toping Baso Aci, Seblak Khas Garut",39479.0,Fag Collection,Surabaya,100,4.8
Seblak Seafood Instan Murah Tinggal Masak,17900.0,Hello Cell & Distro,Bandung,10000,4.7
Kerupuk Seblak Berkualitas 250Gr,13000.0,Iguazabest777,Kab. Tangerang,3000,4.9
Baso Urat Djuara Sami Raos/Baso Aci Urat /Seblak,28000.0,Bianzi Food,Jakarta Selatan,500,4.9
Pilus Cikur Kencur Asli Sukabumi Untuk Bahan Membuat Seblak Dan Boci,40000.0,Ken-Olshop,Bekasi,1000,4.9
Seblak Kerupuk Mawar Pedas Ekstra Daun Jeruk 100 Gram,5000.0,Bite And Munch,Bandung,40,4.9
Siomay Kering Kerikil Khas Bandung Cocok Untuk Pembuatan Seblak,128000.0,The Little Snacks,Tangerang Selatan,80,4.7
Seblak Instan Kwetiaw,13500.0,Makaroni Ceu Wewei,Kab. Tangerang,100,5.0
Yims Seblak Instant Pedas Napol Termurah Khas Garut Kerupuk Seblak Teh,5500.0,Gerai Snack Official Shop,Kab. Tangerang,500,4.9
Si Bumbu Seblak 15Gr,2000.0,Gerai Snack Official Shop,Kab. Tangerang,750,4.9
Toping Baso Aci Topping Cuanki Lidah Cuankie Lidah Isi 150 Pcs Seblak,35000.0,Pusat Cuankie & Cemilan Frozen,Jakarta Timur,500,4.8
Kerupuk Bintang Tersanjung Mentah / Kerupuk Seblak 250Gr,7000.0,The Dhecip,Tangerang Selatan,250,4.9
Kerupuk Seblak Sambal Krupuk Keriting Kecil Mentah Krupuk,7821.0,Brother Meat Shop,Depok,100,4.8
Seblak Instant Pedas Cadas Mantab,15000.0,Hikmah Berkah Jaya,Jakarta Barat,100,4.9
Seblak Ceker Pedas Kerupuk,10000.0,Cemilan Ti Lembur,Bandung,10000,4.9
Gurilem Pedas,19500.0,Anggris Store,Kab. Bogor,3000,5.0
Basreng Sangarrr,18900.0,Fahirastores,Kab. Bandung Barat,500,5.0
Makaroni Ceu Wewei 1Kg,65000.0,Aghniya,Tangerang Selatan,3000,4.8
Basreng Pinggsnack,16700.0,Global Cookware1,Jakarta Barat,500,4.8
Baso Aci Mie Nyemek Teh Shanty Original Lengkap Dengan Gurilem 200G,22900.0,Brother Meat Shop,Depok,100,5.0
Seblak Instant Termurah,4450.0,Duo Bocil Snack,Depok,250,5.0
Seblak Instan Pedas Home Made,3500.0,Markas Makaroni,Kab. Bekasi,40,4.6
Seblak Instant Sajodo Snak,19000.0,Pusat Cuankie & Cemilan Frozen,Jakarta Timur,100,5.0
Seblak Kering Rafael Pedas Daun Jeruk / Kerupuk Seblak Mawar 250 Gram,13750.0,The Dhecip,Tangerang Selatan,100,4.5
Kerupuk Seblak / Seblak / Kering Pedas /,10900.0,Brother Meat Shop,Depok,100,4.8
Siomay Mini Kering 1Kg / Cuanki / Batagor / Seblak / Bakso Aci,29000.0,Baso Aci Ayang,Kab. Garut,2000,4.9
"Seblak Kering Pedas 250 Gr/Seblak Kencur/Kerupuk Seblak,Enak Dan Gurih",9999.0,Lidigeli,Kab. Garut,80,4.5
"Batagor Mini Kering 100 Pcs Toping Baso Aci, Seblak Dan Mie Instan",11000.0,Riki Store 97,Kab. Bogor,80,5.0
"Seblak Rafael, Seblak Coet Instan Halal",25000.0,Duo Bocil Snack,Depok,70,4.9
Kerupuk Seblak Rafael Pedas / Seblak Mawar Pedes - Duo Bocil Snack,16000.0,Ajs(Ale Jaya Snack),Jakarta Utara,250,4.9
Krupuk Seblak Mawar Rafael Pedas 250Gram,12500.0,The Dhecip,Tangerang Selatan,80,4.8
Krupuk Seblak Mawar Rafael Pedas 500Gr,23500.0,Markas Makaroni,Kab. Bekasi,500,4.9
Seblak Instant Termurah,4450.0,Sajodo Snack & Food,Tasikmalaya,70,4.7
Seblak Instan Pedas Home Made,3500.0,Foodstocks,Jakarta Selatan,250,5.0
"Seblak Rafael, Seblak Coet Instan Halal",25000.0,Central Seblak Nusantara,Tangerang Selatan,1000,5.0
Seblak Instan Komplit Pedas Gurih Nikmat,5999.0,Sajodo Snack & Food,Tasikmalaya,250,4.8
Gelifood Seblak Instan Kerupuk Mawar Bumbu Kencur Rafael Pedas Gurih,19000.0,Anggris Store,Kab. Bogor,250,4.6
Seblak Pedas Kerupuk Pedas Kiloan 1 Kg,34000.0,Gaiagarut,Kab. Garut,250,4.8
Kerupuk Seblak Rafael Pedas / Seblak Mawar Pedes - Duo Bocil Snack,16000.0,Pusat Cuankie & Cemilan Frozen,Jakarta Timur,30,5.0
Kerupuk Seblak Mini Kencur Jablay Bantet Pedas 500Gram Kiloan,23000.0,Pasar Keripik Bandung,Bandung,30,5.0
Seblak Instan Pedas Home Made,3500.0,Aghniya,Tangerang Selatan,30,4.8
Krupuk Seblak Mawar Rafael Pedas 500Gr,23500.0,Cemilan Bandungstore,Cimahi,100,5.0
Seblak Instan Sajodo Snack,22500.0,Kylafood Jakarta,Jakarta Selatan,28,5.0
Seblak Rafael/Seblak Coet Instan Halal,26600.0,Rav Jaya Display,Kab. Tangerang,8000,4.7
Seblak Instan Ceu Nthien Khas Bandung Rasana Ngeunah Pisan - Seblak Instan,17000.0,Bocikakang,Jakarta Selatan,40,5.0
3 Seblak Free Baso Aci,90000.0,Kylafood Jakarta,Jakarta Selatan,30,5.0
Kerupuk Seblak / Seblak / Kering Pedas /,10900.0,Bocikakang,Jakarta Selatan,100,5.0
Sukro Cikur Renyah Ngepros Isi 250G Pelengkap Baso Aci Cuanki Seblak,8499.0,Macaronimangade,Malang,4000,4.7
Cuankie Batagor Mini Topping Baso Aci / Seblak,9999.0,Snackzone Kk,Jakarta Selatan,250,5.0
Pasar Keripik Kerupuk Seblak Mawar Mini Pedas Size Kecil,12500.0,Titasix Tutug Oncom (To),Tasikmalaya,250,4.4
Seblak Instan Karasa,5999.0,Griyo Seni,Kab. Sidoarjo,100,4.8
Seblak Instan Jawara Pedas Sehot Bandung,13500.0,Keripik Mbok Emplok,Surabaya,100,5.0
Kylafood Seblak Cup,14000.0,Kylafood,Bandung,8,5.0
Seblak Instan Mommy,13900.0,V3 Onshop,Surabaya,100,4.8
"Kerupuk Bawang Aneka Warna Krupuk Seblak Mentah Warna Warni - Taro, 500 Gram",14500.0,Bima Monjali,Kab. Sleman,40,4.9
Kylafood Seblak Rempah Autentik,14000.0,Duniacemilan,Bandung,14,4.9
Kerupuk Seblak Mentah 1Kg Warna Warni - Taro,26500.0,Kylafood,Bandung,16,4.9
Seblak Tulang Rangu Mangade,16000.0,Babykhai,Kab. Bekasi,24,5.0
Kerupuk Seblak Merah,18000.0,Boisfrozen,Kab. Majalengka,12,4.9
Seblak Coet Instan / Seblak Cobek / Seblak Cocol / Seblak Original,8900.0,Duo Bocil Snack,Depok,40,5.0
Seblak Instan,5000.0,Anum Sari,Tangerang Selatan,20,4.9
Kerupuk Seblak Jengkol Khas Ciamis Jabar,16000.0,Djuragan Kerupuk,Surabaya,22,4.8
Kylafood Seblak Tulang Rawan,24225.0,Dapur Sehat21,Kab. Bandung,250,4.7
Kerupuk Seblak Pedas Original,6000.0,Cuanki Culametan,Kab. Garut,100,4.9
Seblak Mamang Rafael Instan Original/ Seblak Viral/ Ready Stok!,35000.0,Nyum_Mama,Pekanbaru,7,4.8
[Termurah!!] Seblak Instant Basranger Extra Pedas 200Gram,14500.0,Supersnacksshop,Kab. Bandung,100,5.0
Kylafood Seblak Mie Baso,26125.0,Mitra Jaya Sembako,Tangerang,500,5.0
Seblak Rafael / Seblak Coet / Seblak Cocol,7500.0,Bintang Jaya Jsp,Tangerang Selatan,100,5.0
Krupuk Lidah Campuran Seblak Dan Bakso Kuah,20000.0,Simshop_,Cimahi,40,4.8
Kerupuk Seblak Rafael Pedas / Seblak Mawar Pedes - Duo Bocil Snack,16000.0,Simshop_,Cimahi,6,4.9
Kerupuk Seblak Kencur Pedas Gurih - Anum Sari - 250 Gram,14000.0,Ngemil Sipedas,Kab.Ciamis,100,5.0
Termurah Kerupuk Mentah-Kerupuk Seblak-Kerupuk Puli - Warna Warni,8200.0,Snackzone Kk,Jakarta Selatan,50,5.0
Kerupuk Sebring 500 Gram / Kerupuk Seblak Mawar,24000.0,Jajanangarut19,Jakarta Selatan,1000,4.9
Cuanki Pangsit Segitiga Atau Cipet Isi 40 Pcs Toping Seblak Baso Aci,13999.0,Distributor-Jaya,Tangerang,250,4.8
Baso Aci / Seblak Instan,6000.0,Sajodo Snack & Food,Tasikmalaya,750,5.0
Krupuk / Kerupuk Mentah / Kerupuk Seblak Mentah 1Kg Tempe Kotak,21750.0,Foodstocks,Jakarta Selatan,40,4.8
Kerupuk Seblak Nuri,106300.0,Bocikakang,Jakarta Selatan,100,4.8
Kerupuk Merah Kerupuk Seblak 5 Kg Kerupuk Mentah,77500.0,Kenal Jaya Bandung,Bandung,30,5.0
Seblak Kering Cikruh Bumbu Kacang Varian Basreng,10999.0,Harozadazasa Store,Depok,60,4.7
Seblak Kering Cikruh Bumbu Kacang Varian Campur,10599.0,Raja Snack Food,Jakarta Utara,100,4.9
Seblak Kering Bantat Kerupuk Bawang Ekstra Pedas Daun Jeruk( 1 Kg),22500.0,Seblak Putra Bandung,Kab. Bandung,6,4.9
Kerupuk Seblak Mini,18000.0,Gerai Snack Official Shop,Kab. Tangerang,100,4.9
Seblak Kering 100Gr Dua Varian Rasa,4500.0,Masitohciheaofficial,Bandung,100,4.9
Kerupuk Bawang Orange Dan Putih 1Kg 1Kilo Cocok Untuk Seblak Nasi Uduk - Putih,24500.0,Kickball Official,Bandung,30,4.9
"Paket Bundling 4 ( 1 Seblak Instant, 1 Keju Aroma Sajodo)",43000.0,Lahawelah,Kab. Garut,100,4.8
Mie Seblak Geprek Sami Raos Khas Garut Seblak Instant Kekinian 160Gr,18900.0,Raabihah_Kerupukgrosir,Bandung,250,4.9
Kerupuk Seblak Pedas Daun Jeruk 100 Gr,4500.0,Gerai Snack Official Shop,Kab. Tangerang,9,5.0
Boboko Kerupuk Seblak Kering,13999.0,Zahira Official 01,Kab. Kebumen,19,4.8
Seblak Crispy,13000.0,Simanalagi-Kosambi-Bandung 1,Bandung,18,5.0
Kerupuk Mie Seblak 1 Pack Isi 12 Pcs,11000.0,Lahawelah,Kab. Garut,40,4.8
Seblak Kerupuk Kering Pedas Gurih 100 Gram,5000.0,Apri Store Cibinong,Kab. Bogor,100,4.9
Seblak Rempah Autentik Kyla Food Khas Bandung 115 G,20000.0,Hosana Snack,Bogor,40,4.8
Seblak Instan,20000.0,Toserda,Bandung,24,4.9
Batagor Kering Untuk Seblak 500Gr,38000.0,Pusat Cuankie & Cemilan Frozen,Jakarta Timur,250,5.0
1Kg Gurilem Siomay Mini Bahan Pelengkap Boci Seblak Dan Cuanki,28910.0,Cuanki_Bandung,Kab. Bandung,17,4.9
Kerupuk Mawar Putih Mentah Isi 1Kg / Kerupuk Viral Seblak Cobek,26000.0,Cuanki_Bandung,Kab. Bandung,30,4.8
Seblak Instant Basranger Extra Pedas Daun Jeruk (200Gr),19700.0,Supersnacksshop,Kab. Bandung,40,4.9
Kerupuk Seblak Kering Pedas Bumbu Kencur 100 Gram,6750.0,Yan Jaya Food,Bandung,16,4.8
Krupuk Seblak Daun Jeruk,19000.0,Qie Snack,Kab. Jember,14,4.9
100Pcs Tahu Cuanki Kering Bahan Pelengkap Boci Seblak Dan Cuanki,28800.0,Lidigeli,Kab. Garut,8,5.0
Kerupuk Indosari / Kerupuk Nasi Goreng / Kerupuk Seblak /Kerupuk Bubur,22000.0,Golden Cakery,Jakarta Pusat,500,4.9
Krupuk Seblak Kencur 250 Gram,12000.0,Fasyaa_Id,Bandung,100,4.8
Batagor Seblak Cuanki Kuah Rebus Instan Ma Acih Cemilan Tradisional,20750.0,Toko Nrv Plastik Dan Bahan Kue,Bandung,100,4.7
Gurilem 250Gr Topping Baso Aci / Seblak,9999.0,Cuankiculametan,Kab. Garut,100,4.9
"Kerupuk Gelung Mentah 200Gr Bahan Seblak, Krupuk, Cemilan, Dll.",5000.0,Oifyoo_Mozzarella,Bandung,10000,4.9
"Batagor Tahu Kering Mini 50Pcs Topping Cuanki, Seblak, Baso, Dll.",6200.0,Tukangsayurmbakyu,Tangerang Selatan,250,4.9
Krupuk / Kerupuk Mentah / Kerupuk Seblak Ikan Fuji 1Kg,30000.0,Jm Snacks,Bandung,10000,4.9
Cancimen Makanan Instan Cuanki Ramen Tomyum/Extra Pedas/Seblak/Batagor,15500.0,Ummuchasna,Kab. Magelang,3000,5.0
Seblak Kering Pedas Daun Jeruk Kerupuk Seblak Kencur Pedas Dj 1 Kg,36999.0,Pelangi Khatulistiwa 2,Surabaya,500,5.0
Masjay Combo 3Pcs Seblak Bandung Instant Bumbu Pedas Membara,44000.0,Pasar Online Kebayoran,Jakarta Selatan,1000,4.8
Siomay Kering Mini Seblak,11250.0,Gerai Snack Official Shop,Kab. Tangerang,40,4.9
Kyla Food Seblak Original,23500.0,Celikafood,Bandung,80,5.0
Kerupuk Oren Seblak Tenggiri | Mutiara Sari |250Gram | Mentah | Kiloan,4999.0,Sajodo Snack & Food,Tasikmalaya,100,4.9
Cuanki Tahu Pasung Isi 50 Murah Batagor Kering Toping Seblak Baso Aci,12500.0,Bocikakang,Jakarta Selatan,500,4.8
Bundling Seblak Oifyoo (Isi 5 Packs),25380.0,Kylafood,Bandung,750,5.0
Paket Seblak Bakso Untuk 3 Porsi,29000.0,Tokopediautsmanbinaffan,Bogor,500,4.6
Paket 1 Boci Extra Pedas + 1 Tulang Rangu + 1 Seblak Basranger Instant,50000.0,Jajanangarut19,Jakarta Selatan,250,4.8
Krupuk Seblak Kencur 500Gram,12000.0,Pusat Cuankie & Cemilan Frozen,Jakarta Timur,100,5.0
Kerupuk Seblak Polos Pedas 1Kg Jajanan Cemilan Sneck Makanan Keripik,39000.0,The Dhecip,Tangerang Selatan,100,5.0
Kerupuk Seblak Mentah - 250 Gram,11000.0,Brother Meat Shop,Depok,10000,4.9
Maicih Seblak Keju,20500.0,Hikmah Berkah Jaya,Jakarta Barat,3000,4.8
Kerupuk Orange 250 Gr Krupuk Sumber Sari Seblak Sumbersari Oren Merah,7500.0,Cemilan Ti Lembur,Bandung,500,4.9
Baso Aci Ala Sajodo Snack,22500.0,Anggris Store,Kab. Bogor,3000,4.9
Kerupuk Mentah Kerupuk Seblak Mentah 500 Gr - Keong Warna,14500.0,Fahirastores,Kab. Bandung Barat,500,4.9
Kylafood Seblak Original,15750.0,Aghniya,Tangerang Selatan,100,5.0
Seblak Instan/Seblaku/Sambal Matah/Seblak Soto/Seblak Baso/Seblak Ori,7500.0,Global Cookware1,Jakarta Barat,250,4.9
"Kerupuk Seblak Mentah Aneka Warna - Matahari, 500 Gram",11500.0,Brother Meat Shop,Depok,40,5.0
Seblak Instant Termurah,4450.0,Duo Bocil Snack,Depok,3000,4.0
Seblak Instan Pedas Home Made,3500.0,Markas Makaroni,Kab. Bekasi,100,5.0
"Seblak Rafael, Seblak Coet Instan Halal",25000.0,Markas Makaroni,Kab. Bekasi,1,4.9
Seblak Instant Sajodo Snak,19000.0,Pusat Cuankie & Cemilan Frozen,Jakarta Timur,2,5.0
Seblak Kering Rafael Pedas Daun Jeruk / Kerupuk Seblak Mawar 250 Gram,13750.0,The Dhecip,Tangerang Selatan,2,5.0
Kerupuk Seblak / Seblak / Kering Pedas /,10900.0,Brother Meat Shop,Depok,100,4.9
Siomay Mini Kering 1Kg / Cuanki / Batagor / Seblak / Bakso Aci,29000.0,Baso Aci Ayang,Kab. Garut,100,4.9
"Seblak Kering Pedas 250 Gr/Seblak Kencur/Kerupuk Seblak,Enak Dan Gurih",9999.0,Lidigeli,Kab. Garut,3,4.9
"Seblak Rafael, Seblak Coet Instan Halal",25000.0,Duo Bocil Snack,Depok,7,5.0
Kerupuk Seblak Rafael Pedas / Seblak Mawar Pedes - Duo Bocil Snack,16000.0,Ajs(Ale Jaya Snack),Jakarta Utara,100,5.0
Krupuk Seblak Mawar Rafael Pedas 250Gram,12500.0,The Dhecip,Tangerang Selatan,60,4.7
Krupuk Seblak Mawar Rafael Pedas 500Gr,23500.0,Markas Makaroni,Kab. Bekasi,50,4.9
Seblak Instant Termurah,4450.0,Dapur Seblak Madit,Medan,6,5.0
Seblak Instan Pedas Home Made,3500.0,Tam Snack,Depok,100,5.0
"Seblak Rafael, Seblak Coet Instan Halal",25000.0,Sajodo Snack & Food,Tasikmalaya,100,4.9
Seblak Instan Komplit Pedas Gurih Nikmat,5999.0,Pasar Keripik Bandung,Bandung,250,4.8
Gelifood Seblak Instan Kerupuk Mawar Bumbu Kencur Rafael Pedas Gurih,19000.0,Sajodo Snack & Food,Tasikmalaya,1000,4.9
Seblak Pedas Kerupuk Pedas Kiloan 1 Kg,34000.0,Djuragan Kerupuk,Surabaya,90,4.6
Kerupuk Seblak Rafael Pedas / Seblak Mawar Pedes - Duo Bocil Snack,16000.0,Tukangsayurmbakyu,Tangerang Selatan,2,4.8
Kerupuk Seblak Mini Kencur Jablay Bantet Pedas 500Gram Kiloan,23000.0,Dapurmami Id,Tangerang,100,4.8
Seblak Instan Pedas Home Made,3500.0,Boboshop805,Jakarta Utara,13,4.7
Krupuk Seblak Mawar Rafael Pedas 500Gr,23500.0,Ayo Belanja Ayo Masak - By Cerita Dapur Bunda,Kab. Bantul,100,4.4
Pilus Kencur Sukro Cikur 500 Gram Toping Baso Aci Seblak - Tanpa Merk,15999.0,Cuanki Culametan,Kab. Garut,6,5.0
"Pangsit Segitiga, Cipet Isi 40 Pcs Topping Baso Aci Dan Seblak",13500.0,Oke Snack,Jakarta Selatan,40,4.9
Pilus Kencur Sukro Cikur 250 Gram Toping Baso Aci Seblak - Sari Rasa,8999.0,The Little Snacks,Tangerang Selatan,2,5.0
"Seblak Instan Madit - Original, 250Gr",14000.0,Kylafood Jakarta,Jakarta Selatan,100,4.8
Kerupuk Seblak Pedas Gurih Kencur 250 Gram - Tam Snack,14000.0,Innes Oleh Oleh,Jakarta Barat,29,5.0
"Bundling 1 Best Seller (Seblak 1, Keju Aroma 1, Keripik Kaca 1)",90000.0,Gaiagarut,Kab. Garut,60,5.0
Pasar Keripik Kerupuk Seblak Mawar Mini Pedas Size Kecil,12500.0,Moenero,Kab. Tangerang,7,5.0
"[ Buy 5 Get 5 ] Special Bedug Package (Baso Aci, Seblak, Keju Aroma...",150000.0,Madinah Oleh Oleh Bdg,Bandung,500,5.0
Termurah Kerupuk Mentah-Kerupuk Seblak-Kerupuk Puli,8200.0,Lahawelah,Kab. Garut,750,4.8
Kerupuk Seblak Pedas,15900.0,Cireng Isi Premium,Bekasi,30,4.3
Seblak Instan Mercon,3999.0,Bandungbarayasnack,Bandung,2,4.8
Kerupuk Snack Seblak Ada 5 Varian Level,12500.0,Panen Raya Oleh Oleh,Surabaya,17,4.8
Kerupuk Lotek / Kerupuk Seblak / Kerupuk Oranye (Mentah) Per 250Gr,7941.0,Supersnacksshop,Kab. Bandung,6,4.8
Siomay Mini Kering 1Kg Toping Seblak Baso Aci,25999.0,Kriuk Kriuk Snack Kiloan New,Bandung,20,5.0
Cemilan Seblak Kari Pedas 65Gr,4500.0,Riki Store 97,Kab. Bogor,15,4.9
Seblak Putih Pedas / Kerupuk Bawang Pedas Odjolali Oleh Oleh Bsndung,9900.0,Cuanki Culametan,Kab. Garut,70,5.0
Seblak Rempah Autentik Isi 5 Pcs,68000.0,Oke Snack,Jakarta Selatan,1000,5.0
Kerupuk Seblak Pedas Daun Jeruk / Krupuk Seblak Kering / Seblak Pedes,25000.0,Lakoca Official Shop,Cimahi,2,5.0
250Gr Cuanki Bulat Sohu Mini Untuk Toping Boci Baso Aci Seblak,14549.0,Enjishop432,Kab. Bandung,40,5.0
Cemilan Kerupuk Seblak Pedas Cemilan Imon 100Gr,15000.0,Ujik Snack Store,Malang,4,4.8
Kerupuk Seblak Keriting Cabe Merah Super Pedes 250 Gram,18000.0,Win Snack22,Kab. Bogor,24,4.9
Cuanki Lidah Jumbo Premium Isi 10Pcs Toping Baso Aci Seblak By Lw,5460.0,Camilanule,Tangerang Selatan,100,5.0
Kerupuk Seblak,4500.0,Warung Entong,Bandar Lampung,100,5.0
Kerupuk Seblak Beton Pedas 250G,15000.0,Grosir Besar Kalimantan,Banjarbaru,30,5.0
Krupuk Seblak / Sablak Pedas Camilan Kerupuk Seblak Cemilan Snack 150G,9000.0,Mulya_Snack,Kab.Ciamis,100,4.9
Krupuk / Kerupuk Mentah / Kerupuk Seblak Mentah 1Kg Rambak Tipis,21750.0,Mutiara Snack Store,Tasikmalaya,250,4.9
Seblak Stik Ikan 200 Gram,15000.0,Arkadewi11,Jakarta Selatan,90,4.5
Seblak Kering Seblak Kemplang 500 Gram,23000.0,Bageajaya Food,Kab.Ciamis,40,4.9
Cuanki Tahu Kering Seblak Isi 50 Pcs Toping Seblak Baso Aci,12500.0,Cemilan Berkah 99,Kab. Tasikmalaya,2,4.9
Seblak Kencur / Okesnack,10000.0,Pusat Cuankie & Cemilan Frozen,Jakarta Timur,250,4.4
Paket Isi 4 Batagor Instan | Makaroni Basah | Seblak Basah,64906.0,Cuanki Culametan,Kab. Garut,4,5.0
((Kuy)(Order)) Kerupuk Seblak Pedas Kering / Kerupuk Seblak Rasa Daun,22000.0,Lakoca Official Shop,Cimahi,50,5.0
Seblak Kering Kencur 150G Ujik Snack,8000.0,Sajodo Snack & Food,Tasikmalaya,12,5.0
Snack Kerupuk Seblak Rafael Pedas 250 Gram Makanan Kiloan Cemilan Cami,14500.0,Cuanki Culametan,Kab. Garut,10,4.9
Seblak Krupuk Instan Ala Mang Rafael,4700.0,Sultan Meat Shop,Medan,7,4.6
Basreng & Seblak Kering 366 Pedas Mantap,10999.0,Celikafood,Bandung,9,4.9
"Basreng 100 Gram Ori, Seblak, Pedas Manis, Super Pedas Isi 100Gr",7599.0,Supersnacksshop,Kab. Bandung,29,4.9
Kerupuk Seblak ½Kg / Kerupuk Seblak Pedas 500 Gram,19500.0,Cemilan Kang Asep,Kab. Bandung,28,4.8
Seblak Instan Bandung Pedas Jeletot/Seblak Basah Kemasan Murah,8000.0,Lahawelah,Kab. Garut,30,4.9
[Termurah] (Cod) 1Kg Krupuk Seblak Bantet Kering/ Kripik Seblak Pedas,47000.0,Riki Store 97,Kab. Bogor,26,5.0
Seblak Ceker Dan Piksus Kemasan 1 Kg,22000.0,Bunda Alifba,Jakarta Barat,25,4.8
"Seblak Rafael, Seblak Kering Rafael, Kerupuk Mawar Kiloan",24900.0,Rumahanekafrozen,Jakarta Barat,100,5.0
Pilus 250Gr Topping Baso Aci / Seblak,9999.0,Merbabu Food,Tangerang Selatan,1000,4.8
Cuanki Pangsit Segitiga Atau Cipet Isi 40 Pcs Toping Seblak Baso Aci,13999.0,Jagoicip,Jakarta Pusat,7,4.9
Gfs Seblak Basah Instan Original - Tinggal Seduh 3 Menit Langsung Siap,16618.0,Gaiagarut,Kab. Garut,30,4.8
Beli 3 Seblak Free 1 Keju Aroma,90000.0,Cap 2K Snack,Kab. Bandung,15,4.9
Cuanki Tahu Kering Seblak Atau Batagor Kering Isi 150 Pcs,34999.0,Nion.Nion_Official,Tangerang Selatan,30,5.0
Seblak Sultan Instant,14000.0,Baso Aci Ayang,Kab. Garut,100,4.9
Kerupuk Putih 250 Gr Krupuk Sumbersari Kurupuk Sumber Sari Seblak,7500.0,Clower Mart,Jakarta Barat,70,4.8
Krupuk / Kerupuk Mentah / Kerupuk Seblak Mentah 1Kg Bawang Putih,21750.0,Toko Putraperdana,Kab. Bekasi,13,4.9
New Kerupuk Seblak Tatangga Mamang Rafael Original Daun Jeruk 500Gr,40000.0,Supersnacksshop,Kab. Bandung,16,4.8
50Pcs Lidah Cuanki Batagor Bahan Pelengkap Boci Seblak Dan Cuanki,16380.0,Berkah Niaga Jaya,Kab. Garut,7,4.9
Kerupuk Seblak Bantet Pedas 75 Gr Enak Renyah Crispy ,4500.0,Seblak Guludug Bandung,Kab. Bandung,100,5.0
Krupuk Seblak//Krupuk Bantet 250Gr,6000.0,Warungsaputra,Bandung,50,4.9
Seblak Bapper / Seblak Instant Viral / Makanan Khas Bandung Enak,19000.0,Bandung_Snack,Kab. Bandung,70,4.8
Muria Snack Seblak Stick Cabe Merah X 10Pcs (Bisa Same Day Delivery),55000.0,Ngemildotcom,Depok,250,4.7
Seblak Kering / Seblak Kerupuk Krupuk Putih Bawang Pedas / Murah Enak,7000.0,Distributor Cuanki Dan Seblak,Kab. Bekasi,12,4.9
Kerupuk Kepang Taraje Isi 250G Bahan Seblak By Gg (Bisa Cod/Kargo),6499.0,Yohangunawan94,Bandung,100,4.9
Kerupuk Seblak Mawar Kribo Pedas Daun Jeruk 1.8Kg,70000.0,Mak_Cudot,Jakarta Utara,2,4.9
"Kerupuk Seblak Pedas 100 Gram, Kerupuk Seblak Daun Jeruk Gurih Renyah",22688.0,Baksorusukjossofficial,Bekasi,8,4.9
